study_id,fold
00086460a852,1
000c9c05fd14,2
00292f8c37bd,0
005057b3f880,1
0051d9b12e72,3
00792b5c8852,3
00908ffd2d08,4
009bc005edaa,3
00a76543ed93,2
00a87235ca36,2
00b33b3eb8d9,0
00c241c3fc0d,1
00c74279c5b7,0
00c83e33588f,0
00ccd633fb0e,0
00e936c58da6,3
00f9e183938e,4
00fceac64e6a,3
00febcfee50b,4
011475cb6db4,2
01206a422293,2
012229ebd9b3,4
0135d267f462,0
013d698aeecb,2
0142feaef82f,0
0147e3c530f2,0
01494b9b4423,3
015707c0e73f,1
0159c2d40b52,0
015a2029ad0c,3
016c1781fbb2,2
0172a5607c9d,4
01805585ad69,1
018c5ec34722,1
018c96c9aeff,3
018cfcc1e851,1
01934dbaf28b,4
019960c57d32,1
019aef94b388,4
01c6c27b82a4,4
01c8e624037b,3
01ce54f82d94,3
01e030757f57,1
01e19055f756,2
01e830e3a965,3
01ed923839d7,0
01f104b42afd,2
01fc72cc1f1a,4
0207ea0aaf24,0
0212c908aa20,1
0213594439b0,2
021986b21570,3
021a7bd50924,4
022165b35383,0
022f9b3cfd91,1
023a30330136,1
02401e15e783,2
0287079f5a1a,4
028b79a357d6,2
02a0fd4d10d6,0
02accd5bab1f,4
02be71f8212c,3
02bfa5949092,4
02e31620e4e7,2
02e6db1dccd4,1
02f88d67e4d6,3
03169bde8e0e,0
0326cbb3b63d,3
03295f6c7460,0
032ba2202933,1
032c262f65c0,1
032d9cc1e0ef,0
033238643ba8,1
03461d2a218f,0
0349c7c46ed3,1
035c61ec21cb,0
0369e0385796,4
038124609f4c,0
038891a2ca57,0
03920c119b2b,4
03a19e4df23a,2
03a549fc0402,4
03bbf042e102,1
03c62bc287b6,3
03c8c9fe62ba,1
03c94694e41e,3
03db5dc7f1a2,3
03e15b1576b1,0
03e9959341af,4
03f7a5f8d8ea,4
0412ac22af28,2
041ff1b4eb02,3
0428b590379a,1
0444a957bb4d,0
0447a64e5813,0
0455eeb9fbcc,3
045762d32a15,3
0475198fc9d7,2
0478ead3b8c2,0
047b450939fd,0
0482ed7dda6e,1
048616ba3fe3,4
0490450d954b,2
0490565dc4c0,1
0496e1b97269,0
04ba8031118a,0
04d14aa24eff,2
04d53300f9d1,2
04e04b1e22c5,2
04ebc4466923,2
04f115f14e1c,1
04fc265a693e,1
052693d6dfff,3
0543d2bc1c80,3
0550e5868e2d,2
0556cdfa7299,4
055f0253e5cc,0
056126fb6e9f,1
05619d312f50,3
057c02a959f1,2
0586a3fc149c,3
0591d7b2d734,4
0599d527d3b6,4
059f8765a1c1,1
059fb5105884,0
05debac9c652,3
05f00e9a126b,0
05f42286c7a2,0
05f85b86cdd6,0
060ed64e8ea3,3
060fbd1293ee,4
061c46e4e75e,2
061d2ddaddd1,3
065a7fafe1a7,3
066b12d875eb,2
066b28c3eb1e,2
067d0d1495a8,3
0680d8beb75f,2
068be3f82883,2
069d6c49a1d1,4
069f0610c6e5,4
06b01b8935cb,4
06b55d23496f,0
06dc92c4302a,4
06e5fcfcd2f8,1
06ee997f0ba0,3
06f711c020a1,0
07096154447a,1
070cbb72137d,3
07110539dce9,1
0717c8ac304f,2
0718a591b693,1
0725e859c8de,3
072ae7beb987,1
072f2a6a3afe,2
075544a7881c,0
07595b2a3543,2
075ca6e0fdca,1
076451eaa633,0
0786e68c8c8d,3
078e02e7614f,0
07908d53db2b,4
079e0cefd391,2
07a2358b4e59,1
07ab05ea79fa,2
07b01d3eb9d2,2
07c985cdc2e3,4
07caeab1de20,0
07d5f3e47055,0
07e85f8f5e29,1
07ee38c90625,2
0809cb7a5f38,4
080c164369e7,4
08277cefd028,4
082cafb03942,3
082f133bd70d,2
0833353809f6,2
083cdfc443c7,0
0845243089f8,2
0846afd21193,3
0847b3407f85,1
08493873ea34,3
085006d8963b,1
0862f314ec92,3
086f0ab55636,3
0875e99cfbef,0
0878e798a4a6,0
088317a7f035,3
088665db15b6,3
08872a6c1b69,0
0893fd4ae349,2
089b1ed81bba,2
08aad9bda74f,2
08b3ed9bd8ff,1
08b5ac196fae,0
08b5d40af543,2
08bf9775ebfd,1
08c27d332b66,4
08c7df1f8eee,2
08d64eda9bab,0
08d6fe3e5c11,3
08e2e4a4410e,4
08ec6f5aa0df,2
08ee3bc2ae53,1
08f053401845,2
090c33962b67,4
09106a2aec96,2
09153fbcd2ef,1
09249d4b7b53,0
092a33abfd84,2
09419c95273e,4
0949b847bda6,3
09539e4d58bb,0
095a25cc191d,2
095d54d31dc0,2
096061261805,2
096c4eb10909,2
096eae67f478,4
0983897d389c,0
099f710eacfd,3
09a6c1515372,4
09aa1559bcd4,1
09bb2eb902cb,2
09d8a69657ab,1
09dd3b736a69,0
09e9753e5ad7,2
09eff3975c81,3
09fb4da6ca2f,4
0a1a3dd9e738,1
0a256a4617e8,1
0a29d44f380b,0
0a3066013f86,3
0a316256e7b2,4
0a3cd97f740b,0
0a49309fc682,0
0a54c691d360,2
0a5b1c284bb4,1
0a5b9e289c44,1
0a763df67cdc,2
0a903dd7283d,3
0a9169b86b81,4
0a95fd575cf1,1
0a9da1fa077e,2
0aab6d016736,3
0ab744a0db95,3
0abb818755e4,1
0ace558d4b99,2
0acf45b01bdf,2
0ad39f5b94c1,4
0ad70ae5bcc3,4
0adaae6adf1b,1
0adca2b37fe5,4
0adfd8d6f010,0
0af232c221f8,3
0b0449d32b66,0
0b152dc8af83,1
0b1671929731,4
0b19774105f5,2
0b457ab68e89,2
0b462ace8c37,3
0b5593ee3915,3
0b58306a56c9,0
0b6a57fb8aaa,2
0b7a0022dbc8,1
0b86d8f6b4f2,2
0b89a95b6733,1
0b8dd4003cc7,2
0ba072188224,4
0ba55e5422ab,2
0baee5ac23b2,3
0bc5db15a5b8,2
0bc9b8eb7ead,0
0bdd22c68e47,2
0be731313053,4
0bf9bc0d84bf,4
0c19eb129296,1
0c30a9ded310,1
0c329e5c3715,0
0c3d6d108e07,0
0c4472b1b940,3
0c4be0c6f78c,0
0c5c7da459a3,0
0c6c01fafe3e,0
0c6ef19c59cf,3
0c7570079a16,3
0c795288aac0,1
0c890190c894,4
0c9b15035c41,3
0c9f6e26f5fc,1
0ca49b5d2be4,1
0ccf6bf856e5,0
0cd5e635c50c,2
0cde09614efd,3
0ce7f45e10d0,4
0ceb9e178f19,2
0d12c6a46f62,3
0d13d23764f5,2
0d1626be72d5,1
0d19a07bbff0,4
0d33fb757a01,3
0d43ab1d2f50,1
0d49a20737e8,0
0d4f4da9dda3,4
0d5082a9a044,0
0d6d3f946d7b,0
0d6d908b3a21,2
0d78889b5864,4
0d806ffe4e77,2
0d81805743b6,2
0d88a0777808,4
0d89abf5503c,4
0d8d0ec75a82,2
0d962bb4c9f2,2
0d9709b3af74,0
0d9ebdd085fc,2
0da60a794140,0
0dad96d7bb42,0
0dbfffc14b06,3
0dc48bd60d2f,1
0dca97b508f0,2
0dccf6c8a734,1
0dda3b2bc0a2,3
0e073fd45001,4
0e1701865c35,3
0e2a0ec6533d,3
0e3c57f50255,0
0e3eff99adbc,3
0e4c41d96006,1
0e5b9c6b7ba6,4
0e62c82c7975,0
0e63ba149294,1
0e698a56dcd3,2
0e76983343a5,4
0e873e593a75,0
0e89eeeb5eef,4
0e908a012691,1
0e9bece7e297,4
0eb98db06f45,3
0ec2cfa1e0ea,2
0ec2edfe7846,2
0ec64970f831,1
0ee1a62438bd,2
0ee703df04a3,2
0efc048f9f22,0
0f0cda6d8d62,4
0f21dc4d6a38,0
0f2816e59e90,2
0f3753cb0283,2
0f37cd26d3a9,4
0f3963b5b9bc,0
0f47d2e5f328,2
0f61a1f7ed0a,1
0f6b7e2b8dd9,0
0f712cf8a226,0
0f86f48eeeac,1
0f903cf7e724,4
0f98e00ec7c1,0
0fb43e2250de,1
0fbde73d7dc0,1
0fbe039be7d1,4
0fca95b2e96f,3
0fd2db233deb,3
0ff3c25a854c,4
0ff65eb93562,3
1011cb42537b,0
1014eb974c52,2
101c3d954b1a,0
10210984c4e3,1
1023832e4df5,1
102b9bd43e3f,2
104392411ab9,2
104a102e2fe1,2
1057c264185b,0
106749939445,3
1073d1b6ddcc,1
109b53420475,3
109cf108fd45,0
10a037745b7c,0
10b0f0913b0e,1
10b30a720c5b,2
10bd268ba723,0
10c04ba1bd2b,4
10c4ff4c9059,4
10e35f64fc16,4
10f0d04d472c,0
10f869aaf54b,1
110f748ac87d,0
111796da8caa,1
111f1af1c3da,2
1124139f32e2,1
116aee0c66b7,2
11793d699af2,3
1179757bcf68,2
1181dd47fe5c,1
11858d1119d0,4
11961f06a9b0,3
119f1eff7a08,2
11a47a5bfa3e,0
11b52fbe26a3,3
11c2f3a476ec,4
11cc7c201733,4
11d06f38e6c7,1
11d1ba716865,4
11d277fd6c64,2
11d3ee227030,0
11d461e08258,4
11dbbf7b8061,4
11dd0dac0097,4
11e01ba9df76,0
11f67b33dc61,0
11fc7a6b1309,3
12149a745730,1
122d8eb18755,1
12435b432178,0
12466f93afc9,4
1264694c43a2,2
1264d1caa4ec,2
126aa6f8dd4d,1
126bc37fb7cd,3
126d0f49608d,4
1277de252e98,2
127ae57ae3a0,4
12a7e0fbe115,4
12aac2bc16f8,4
12d8e3dacf25,3
12d985bbeae6,4
12e41bdbf7d8,2
12e892aa17a0,3
12e8a13330c2,4
12ea5fffe282,1
12eb7f468be2,1
12ee3626ff46,3
12fdd23605e7,3
12fe5d33abc6,0
1310de79e289,4
1311dd0e5c64,1
131bc41b0023,0
132141473871,3
13320f26da3c,4
133a21a5280f,2
133f2685856f,3
1346f9458379,3
13481f97071c,4
13787cd0a611,2
1378d927b88e,2
138be234cb3c,4
1392a9bbcbdb,4
13b60143c0f5,3
13bd1f239046,2
13bee82fc059,0
13ce825a3cf7,0
13def796c64d,3
13e21ab810f1,1
13ed20e6c9b1,1
13eff8f19efb,4
13f1e5778385,4
13f212585f43,4
13f2c3785107,1
13f84be4b729,1
14098d7c56bf,0
141cfd1cf748,0
14204d559d6c,4
14214ff4686b,0
1427ed4ecdf1,4
1428fbfc536d,3
143772601c21,2
143c466c5a41,1
1452424edbbd,0
145a2c752783,1
145ea107cfdf,3
1468f89958ae,3
14838ec9b7a2,2
1496ac223912,0
1499ac3d9b9b,4
14a691634c2b,4
14b30a47e453,3
14b5805d90cf,0
14be42e4beee,4
14c938eebb45,0
14e56e75b328,3
14f6c850597c,1
14f70dbb7730,3
14fa513dbf03,0
14fc1724dc3d,0
150c8a29908b,4
151097927345,3
152084ef57a6,2
153306ec087b,3
153f72083ac5,0
154b47e45726,4
1553091efbda,2
1554e808cb6d,3
155b096d1b12,4
155ee9f75f13,1
1565a173b9e0,2
156e6297a136,3
1586ec1cb18e,1
158f4775c613,4
1594ca188938,1
1595bbc15964,2
1595c1af9b8e,4
15987bfb9f6c,0
159c607b0f88,4
159cbf48e73c,2
15ae12f7cfb1,4
15b667401963,4
15b8fbeb41a8,4
15bd754f1ec1,3
15cd3787bcc0,4
15e2f6a8e8fc,0
15e7f6ecc2c5,3
15f05ab2d893,0
15f599eeb81f,1
15f749d8d34c,0
15fe7f82b7e2,2
160c3b649efd,1
160c8b6c7e2c,4
161664ae65cc,4
161875acf5a4,4
1618ee0e44de,1
161a333c9092,1
161d81d28399,4
16203f0dd93a,2
162b49bd6d26,2
1665788ce755,4
1674ae57f764,3
168059ca76b6,3
1687babbc896,4
168dddd3daa1,4
16929474defb,0
16954003ded9,3
1697e617266f,3
16a13141a4ec,0
16a9737d2dff,2
16c0b52e5fa7,0
16d98c50e843,2
16fbc834dda4,3
170ac27f26c2,3
172e2caf0eb4,4
1740cd00ab91,2
17493bd373b8,4
17577170d7ca,1
1772697538d3,4
17a89ce1e5b3,2
17adc5dabfc2,3
17b438989718,3
17b73dde4491,3
17b7d506e666,3
17bb0bdd2f7b,1
17c04e889fdd,0
17c25c1ffb8d,1
17c64a6e2c5a,3
17cea777771b,3
17da3bebe960,4
17e2c13b13a4,2
17e46fc66a16,3
180602a700b7,4
181360cf5b3f,1
18156e6f27e8,1
18211ed86296,4
182da232fdc6,1
1847aa65a20d,2
184cd4d75979,1
185dd4caeaa6,4
185ebc0fc39d,3
1882d31c20a8,2
18a530e6a802,0
18a979da66a5,3
18b5bd84f1c0,1
18bcd9a1da10,1
18d48e95755f,2
18dd691d5dc5,4
18e96e208f43,3
18f97a81047e,3
19049e36a56b,3
190f1d3cbb04,4
1914c949b980,3
19195bf306ef,4
192cb96503cb,4
1939753be279,2
193d3d99e496,2
19406db78215,0
1942df72cbb4,4
1948a0198a86,1
1956c85c146d,1
1964b644d7ef,0
1972681565cc,1
19747df96950,3
19905c7259b8,2
199e19904512,1
199ef8aace49,4
19a2b2618a2b,4
19a69f8ae995,2
19c6a6e0cb1c,3
19e8f5ead404,0
19ec16b55e79,1
1a03f0a16164,2
1a0409ee4b32,2
1a107c04965e,1
1a11cb490631,4
1a1a47e328f7,0
1a2cbb5c1a7f,2
1a2eaf44d296,4
1a3172a2e845,0
1a3e729f201e,1
1a404401eda8,4
1a4b245e03da,1
1a53a4506f10,0
1a58b43cf286,4
1a6082c58f64,1
1a724e3102d0,2
1a7b2fcb168a,3
1a8038230877,3
1a8733a7c289,1
1aa21301e856,3
1aacd741dace,1
1aad6def3e90,2
1aaef9f47b25,2
1ab52121be21,4
1ac1de4ecb6c,1
1ac288b2ce23,4
1ad268f677fc,3
1ad782651f09,0
1aecd8c867ac,2
1af41c4cbf5d,4
1afb6da30bd4,0
1b0a957f85d5,2
1b31f46b433f,3
1b427c519a72,2
1b49b7921474,1
1b5c1d4376a4,4
1b5ca94ac38b,0
1b6250d23465,2
1b6eb0f6fcb3,0
1b80a4e2614f,2
1b8afd81f6a0,3
1ba5ddfad18d,3
1baca8182bf8,0
1bc9965d033b,1
1bd47dfc6999,2
1befbaaa2bdc,4
1bf775c57c75,4
1c471b0d2fb4,1
1c47b7084ba4,2
1c47fb86c8e7,3
1c48cbfea106,1
1c4a89d7a901,0
1c5a0cb3ebc0,1
1c5ccdf35d13,1
1c70fec4be1a,0
1c790318b3ef,1
1c7d2b37be13,0
1c88dbf27747,3
1c897615664a,2
1c939db63c15,0
1ca63facc033,4
1cad23eae406,1
1cb23162d215,2
1cbbe74b7fcf,3
1cc933aac1e2,0
1ccd5ebd1ca6,4
1cd14dd22747,1
1cdcb65db764,3
1cdccea74613,2
1cdf13ab07d0,0
1ce3a5d2f184,0
1ce5a6058285,1
1ceb2008c876,4
1cebae6715f0,2
1cf24b1b5615,1
1d001accdcbd,0
1d01d5f6e570,4
1d079ba88b49,3
1d087706bfbb,4
1d155f64f846,4
1d243015f1d5,4
1d28a8b7c0b1,1
1d2c03c45291,4
1d4b92eb1e86,2
1d667e9556ad,0
1d6fda0514c6,0
1d75c1be2da6,4
1d7af2de9365,4
1d81732ee787,1
1d917018781e,1
1da8d77bfbbc,4
1daae8c5c00d,0
1db5b05091ac,2
1dc051f3e900,0
1ddffdd81388,1
1de3b9724942,3
1de4e880cb3a,4
1dec8f8a5290,2
1dfdde901558,0
1e0773b7e49b,4
1e1b4b1b53cb,0
1e1b97345c32,2
1e250701d101,1
1e26273cf072,1
1e322d374cd3,0
1e3c3ffc9561,2
1e3f6f8e494c,2
1e4e4732d5e7,0
1e5680a65afb,4
1e5912d3fb31,3
1e74377530cf,4
1e7dc61b9022,1
1e7e77b791bd,0
1e88ad314aa9,3
1e96d5eb4c91,3
1e973d9d46cd,4
1e98661f8fb3,2
1eafb760551d,2
1eb7f8425ce6,0
1ec7af2f351e,1
1ed21574ae51,4
1eef24598603,3
1ef81f7528ce,2
1ef89135ba6e,0
1f01637439b3,0
1f1e409145b5,1
1f294b434700,0
1f321faad845,2
1f44938d5c2b,2
1f4565e83b9a,3
1f4ded9818dc,4
1f64a498ff9e,3
1f68296ae35c,3
1f89329fdcf2,0
1f8c2590aa47,3
1f919389d164,0
1f96e6c401a0,4
1f970230eff3,4
1f988b9c498a,0
1f9fce7e4109,4
1fa134cbb2f7,3
1fab0b8dc055,3
1faef7f49b5c,1
1fc1729b5b3c,1
1fc3de06c533,1
1fcc3fac4784,3
1fe87642bbc3,0
1fee3d901d2e,1
1ff1831eb8b1,2
1ffbfb47b97f,2
1ffc645c759a,4
200c39af6b9d,0
201a708feae5,0
201bcf95e1be,2
201d4e388643,3
202662923e15,1
202d3385a712,4
20658524054c,0
206b9724427d,0
2072fcb4eea6,0
207743ea0f6d,3
207758407af9,2
207fa6f82857,3
20a308389234,3
20a86e21402f,4
20b52d3e2fa5,1
20cc983e925b,3
20d3ed4a413e,2
20e00874f8ee,2
20eb74deaf29,1
20f85a875621,1
20fa80f5619e,2
210570d62277,4
2124957efb3b,4
2133352e9cde,0
2135722ae069,4
21468541d7b5,1
214a48cfa07d,4
214c441d728b,0
215bc2b055e9,2
21689ed7a7b3,4
216be83d5c75,4
216e4a640f8e,3
218620841a93,4
2193df2f77b4,0
21b42c133cd2,2
21b8491fb0e0,2
21be1a5bfa64,4
21c44b9f3caa,2
21ce0d042853,1
21d30b087de5,2
21d385c270fc,0
21e6667aefe7,0
21fdf09ca38e,0
22088825f165,0
2222b92077a6,1
22278d83c0ab,1
22353f3ff2d1,3
2252ba87b56b,2
22555df670d7,2
2259b6d5ac66,1
22686edb0131,2
2280689e5dd3,4
22869b2939dd,4
2287b570cdd8,0
2296c0ca15df,0
22adb7da3c70,3
22d433d1fe06,3
22ebaa704ad4,0
22ebf6bc8d50,2
230f160d4a7c,4
231a5f824249,0
23275157cb8a,1
232d23dcb5c6,3
233662973cbd,0
23423a5342ea,2
23600e975e6f,4
2370b2d4505b,1
2378d336c876,3
237b80c8279f,2
23818431bd20,0
2386196182fd,3
2386f261f756,1
2387e52d164a,3
2394a4ec8f4b,4
23a38f510f64,2
23aa6dfe0d6f,3
23c3bf39df9e,1
23c62fb5991e,3
23d35c37a05d,1
23da56e1750a,1
23dc45d96978,3
23dd60be5ed2,0
23f0f99270d8,4
240198fc8e9f,4
242e4e777d68,1
2433f022b206,3
2437e41f60ec,2
243b7e22a6cd,0
2441534d4d1f,1
244afdf83230,1
244e39a44d1e,2
245661629b65,1
2460844b8bd7,4
246130177bd8,4
24623d752845,3
2471ea011908,0
247bc4bd6a73,2
247f40620c10,1
2485bd38bf72,0
24888d9bd959,1
249fbbfd89d7,1
24aa73a20789,2
24b6dac13a27,4
24b7753e6ef2,1
24c3867c5d29,2
24c727c4d278,2
24cb214dd7f6,1
24cd517d2846,0
24ddf88491ff,0
24ec174ef46b,2
24edf21f4d5a,2
24fa5cba4f71,1
24ffd4c00f54,0
25134b8c00cb,3
2514250a50ae,2
251753f7ee49,4
2534817120d7,2
253710fda754,4
253c261bde3a,2
2554cc4dbd58,4
2558428fe2a7,1
255b4b7dbc24,2
255e598df62e,3
25710be5e0bb,3
25a1c199f819,3
25a4b11a059b,4
25a7988bfc95,4
25aabc4c9c95,2
25ac9d871158,3
25aff4eb8fb1,1
25b65cff2f90,2
25b8ba43b5a2,1
25be7e269a87,2
25ce40175fd5,4
25d7c75f0317,0
25e21353e24e,1
25e957bf9bc8,4
25f7ca4bed9b,3
2605bf788ab6,0
26142fe8357a,0
262dd75dd358,2
263e1aad5f55,1
26470c1a3a67,3
2647aa350094,1
2651f80c25b1,4
26648048b098,4
269a455c3c91,1
26ae7b9c9414,0
26b0111b51b9,3
26b07f9e9e24,3
26becb3b6c16,1
26bf9b216e9c,4
26d5f296c24b,0
26ec93608fcd,2
26eee057d9fa,1
2708e654cd46,3
27153365136b,0
272233b43d12,2
272dfcc2c228,0
27307dc8cdb5,4
273cfc39402c,3
27438e27d86d,3
274ee714467e,1
27513bc45ebe,1
275219c98ac3,3
276d3f0a056e,1
27849b5fcbae,3
278fc970196c,3
279ff8b28326,3
27c586844ff7,2
27db1806a764,2
27df06029861,0
27e863fac512,2
27f620156b1e,4
27f8616263ed,2
280355493a53,4
280826f3c8cb,2
2813f9090abd,4
2814745d2a0c,0
281d15ca6f64,0
2829975db9f5,4
28353a62fc75,3
2838d8cb10ba,3
28449108106b,4
285d0448622f,3
2863afd4cd1e,0
2865cb42d240,3
287b389f997b,1
2883027e4eb2,2
28a5850d4c73,2
28b1968260da,2
28b923d25bb7,3
28bd779b2f84,3
28c9064ac7d7,3
28cd5ee432cf,0
28dd13f6c7f6,1
28ddb604e393,0
28dddc8559b2,0
28e1a974995b,2
28e7495f0382,1
28f64c800345,3
28f828b5e399,2
28fa33eef652,1
2906f6903294,0
290727bac658,4
291df618f81f,0
29240c2eaf30,3
2931cfb70ffb,0
2938b11fe3f2,2
293a41fb59ed,4
294598268f6a,2
2951b5526194,4
29552af481ab,1
29578de12813,4
295c226093ed,4
297e73031b62,4
2980304e9bfc,0
298767d24da4,1
2990579c982c,1
299201b9ba40,0
299de817cf02,2
299f34b2a99c,2
29a43ad85322,3
29a5220911b1,2
29afa03eedd3,1
29b7fce85c4c,0
29cd2e8cd19c,2
29df47042061,3
29f29443067b,2
2a1768cea4ae,4
2a234c42eaac,3
2a327d0c2f61,0
2a34f33583d3,3
2a35c8a7742b,2
2a457a88c49b,1
2a7b4e669dda,2
2a886a5ecdc0,2
2a8a246f1ebb,1
2a99eceed859,3
2ab426f9cfcb,4
2ac71ff83527,0
2ac74c9a0635,1
2acecb7b0b72,1
2ae591e11315,0
2ae96f2e621d,3
2afe9fa4b788,3
2b074ba8887f,0
2b2548a40da2,3
2b26cc349c14,2
2b2ab9538843,3
2b2e8f74947b,1
2b2fb5f5273c,1
2b372b8e18da,3
2b4a46eb9079,4
2b524d496bdb,0
2b58d0d542c3,1
2b6132fe557c,3
2b69ea062f72,2
2b70f1b3b474,3
2b74c9c8b9fb,1
2b7dbc950356,4
2b7fc6e4fd1d,0
2b8680eba187,1
2b9150b35d3a,4
2b9dbde85d8d,2
2b9eb0cb1e87,0
2ba80f7a6982,0
2bd907ae6451,3
2be25a892bbb,3
2be667e8ac57,0
2be9fed93af5,3
2bfe8dcbdbf4,2
2c082a595014,4
2c09d33b5038,4
2c1168644485,1
2c1a30d2b9dc,1
2c1e782a68d9,3
2c39d421bc0a,4
2c45ab64718f,3
2c5b54bddd52,1
2c5f06ead2f9,1
2c62594e961b,0
2c78ef584129,3
2c7d0327a977,4
2c7ed5144d13,2
2c84e6b44349,4
2c94d957e11e,4
2ca53fb28d25,1
2ca72ba9a015,1
2cb9a2a71fac,3
2cd2a236d885,4
2cd813a52fb6,3
2cda294cfd79,2
2cf18332758d,2
2cf2b94084ff,0
2d0150e971af,4
2d0316dc8a88,1
2d0a69701602,3
2d14bd39454e,0
2d1697831131,4
2d1ad7900507,0
2d2a9c4964e8,1
2d2fa836bade,2
2d365318fb2b,4
2d4062ba545a,2
2d425408deca,3
2d430161fb34,1
2d4e08bd3523,2
2d51cfed3fed,1
2d5c41d6e69b,0
2d5ede149efa,4
2d5ef00a9d18,1
2d7154c413fa,3
2d794121b64b,1
2d7e68ba5e8b,2
2da89579be93,1
2dacdf109030,3
2dc2ece5a7b6,1
2dd2e2a2c848,0
2dfe7f1a0fb7,1
2e04415f03e4,0
2e11f3486372,0
2e1bfd23e131,4
2e2d6ef7ecbd,1
2e34bd2e9262,3
2e44e9056939,3
2e461b7819f0,2
2e47497e7ad0,3
2e490d6ef2e1,3
2e52e7ea9fa1,1
2e58096bdbd9,2
2e6158c0eb68,2
2e6176e3daea,0
2e8e6d58eccd,1
2e977a960427,4
2ea5d1b25a2d,3
2ea7b438ec6e,0
2ed4ce2d96bb,1
2ed67f90c729,4
2edb1488b0b2,0
2edd69dd0934,1
2eec002c1953,0
2ef14d372428,1
2ef198e99a5d,0
2ef447a9a325,4
2ef5eac2100d,0
2ef93adeace6,0
2f06abe8a9f8,3
2f06b076d692,3
2f21ed3dc84f,4
2f3b1d05c8c2,1
2f402fc871b8,2
2f4e25cb6e47,4
2f5749d77a09,1
2f5d56af2a65,0
2f5fa61e36a3,3
2f606487f89b,3
2f6b259a3abe,4
2f6f6db14684,4
2f7080706a6d,3
2f771861f952,3
2f8002a3c8c9,2
2f9246cbb78a,2
2f9310ed2cb2,1
2f969d2bbb31,1
2f9813ec9d81,1
2fa400b873f5,0
2fac6ca52178,4
2faea6510f1e,4
2fcf66c1d5e1,4
2fe13c059026,4
2ffd353f8ba4,1
3004fe97a3ca,4
300a60e7662c,1
3011ca5b6f43,3
30177765470f,1
301e45e1e65f,4
301eeda8a014,3
301fa089d898,1
3022c6eb64bc,0
3033f19402f6,1
304cbc1f068d,1
304f8125817a,3
3054a85afa87,4
30682bc00c09,0
3079db177db4,1
308464f7fda3,1
3084edc5e8cd,1
3091806ae845,1
3093d2622f98,4
30aa2c27d732,4
30b0cd197ff2,2
30c274c783a2,3
30c9e5013527,3
30cf90898e06,3
30def70773d8,2
30e45593ba08,1
30e9696b5abf,0
30f89ad8f0d8,1
31050ccdadd3,3
312b098c64a2,3
312c53ab6231,4
3130e60ab20d,3
3143117893c0,0
314432832e5d,1
31557085aaef,1
315654b04e6d,1
31585f62e64b,1
316117ce0a2e,3
31662d55ca54,1
316a5c0840f2,3
3171080f7d14,2
3174008702cc,2
31866b801ca1,0
318ccb5d4c6d,3
3190721e0a77,2
3193e2366c40,2
31b0af5bc54d,2
31b12697883a,4
31b95e5b35a7,3
31c8e40bf4bb,0
31cb04f8bc04,4
31d2ad10ba47,2
3203daf1d24b,0
3217a8869694,2
3218844882c3,4
32218484a1a6,0
32240b045a58,1
3229a5f95c38,3
3234ad871f06,4
323996eaceae,1
324b025d8c13,2
325163dca428,0
325c6a75b0a5,3
3271d3fa61e6,0
328c8b6431a3,1
328da94078ec,1
32a71d3ee25d,1
32bb22d329ea,3
32bf7e54a7ee,1
32d20157a012,4
3300733fc823,4
3309d981e5fe,1
3312377895b6,3
33198ca96dce,0
33271fcff583,3
33354bc058ae,4
3340562b3fce,2
334ac465b405,3
336b277e175e,4
336e2335b62c,1
336f9f6681a0,3
33711998b257,1
33745ae11797,1
337a7a92aa4a,2
337e3525ca2c,0
3380fdfc42ce,0
338502a91c52,0
339707948c15,3
33a89772f781,2
33b6e91fe73a,4
33bdeeb50e0f,1
33ee105d8d08,1
33f2cae828db,4
33fca09f2e00,4
340106349073,1
340585cd8075,4
341323496486,2
341a8f794069,4
34366c4dcaa6,4
34483c9319e9,2
344a4e180010,4
345d0da3ba63,2
345f41e15373,1
345f8129863d,4
346c65dba4d5,2
34759ac47feb,1
347c521c9d97,0
347f9ca3f295,0
3487acb1c55a,2
348bf841d923,3
34909c5ae090,2
349b1b80a237,2
34b3c1b15cde,4
34cff27c2a43,0
34d360dd549f,3
34d7f214a7e5,3
34d9932348fd,0
34e76fd17a93,3
34e9ba075967,4
34f012146c73,2
35035b97e536,0
350cd603e64d,1
351c9f9580db,1
352cd75fce3a,4
3532ab7e51f2,4
353e8d1d3147,1
354ac6bf2105,3
354d310f53ef,1
354e69d0e3e4,0
35521a34aebc,2
35547e12df7f,4
3572cab7a345,0
357734e7588b,1
358e736e289e,3
35a5ba170ac4,3
35aff487b8ce,4
35e22da3e615,3
35e62487a0aa,1
35eb68ca9b50,3
35f0d8cebadf,4
35f1420690fb,4
35f759f8d1b8,4
35fe8a181ce3,1
35fece530971,3
3605ff235600,1
360a419fd953,2
360c787839e7,3
3617282997a6,0
361e431e4401,2
362a970635e4,3
363454850843,1
3638f959c7a3,3
363eb5029f21,4
364f5d65a02e,3
36582a5faf1a,2
366c5acac35b,4
366fc85a2ac8,0
36746fa2ffc4,0
3694e0a1d9aa,4
36a0d836672c,0
36aafc1b1c20,1
36b286400671,3
36b40c98a796,2
36b720acfc13,0
36b8b0686937,4
36badedeccd9,2
36bb4db0e4cf,2
36bb67bb95a9,1
36cbfe6f866c,0
36d6d8418099,1
36ffc653baad,2
3708f056c708,2
371638df8cd9,2
3717af67f949,0
372796623006,1
3729a3c2fafa,3
372b63702c46,4
3741bdbdbd77,4
3757a5a70aa8,3
375cac343d45,0
37632f2a2aae,4
376a75f57405,3
376f075346cd,4
378cee3c149f,2
3795c5ddd545,0
379799f990df,0
379b92fd1ab1,1
37afc885bcb1,3
37b284b23465,3
37befe3703ab,2
37bfb5f1f1db,1
37caabf49a4e,3
37cbbdceaef0,0
37cfe520e66d,1
37e18d937dcd,4
37e3551e2f47,2
37e503d42cdc,2
37edcd625de4,1
37f2b094c247,0
37f638aff743,3
37fda69f3467,2
37ffdf650199,0
38016f8471b2,2
38111e7353fb,4
381951fcbfd0,1
3823cf1c6958,4
3829bdf59453,4
38322a96d92a,4
383b6e0770bd,3
384d1d316992,2
384d84fbb4fe,1
386026264f01,4
386520e49eda,0
3865c0d08f85,2
38682a78a52d,1
386aa41785fa,3
38705dba1a96,2
387733d739e5,1
387984f51e7e,2
3882700d8f0e,1
38a1f0560e2f,3
38a7a17a3318,1
38cce8d6f373,2
38d0b07a2c7d,2
38d46daddfd5,0
38dbce9f5da1,2
38e0aeb59842,3
38ea4356df7a,3
38f2e947567f,3
3913b40864b0,0
39164e43c8bf,0
3920dc377214,2
3927f0e451cc,1
392a1b9dfb46,1
394a6b02efc9,0
394d1fbb6cc0,0
3964a008403e,0
3965470a0126,1
3972d79dd977,4
3976f3f36b35,0
397ae205b6db,4
397ae5aecf2a,0
3993e1dd3d8a,4
3995fbf3b106,3
399b7608576d,2
39a56d7788fc,0
39a6ef0d976a,0
39a80a14bfda,4
39a99407a17a,4
39ac58218ee3,2
39b9303331d6,1
39ca2531a729,1
39cfc88f6f20,3
39d1962d37d1,0
39d2e8b3e170,1
3a01c7f8d00e,2
3a0391a11c60,0
3a07d9311567,2
3a0ce16d6362,1
3a1aad9fe90f,0
3a2ab0d08864,3
3a3975e0fae6,0
3a3c198051f0,4
3a54ca31df78,3
3a5c61c23463,4
3a65207debb0,3
3a6c6141fdb3,2
3a7061149c0a,2
3a731f3cef11,1
3a7cad485369,3
3a85d94c4e35,2
3a92284ff753,2
3a985664cd4e,3
3a9d3f1fdd81,1
3aa2fb153a2f,3
3ab0b0a2f8ac,2
3acf095adbf4,2
3adf9086a151,2
3ae7492c5ca3,2
3ae836708e67,1
3b0ddef5a49e,2
3b1ba7f31ca0,1
3b205aad9af7,1
3b317a8d01e7,0
3b3f6099e50f,1
3b4ad94ce2ba,3
3b4cdf9a776a,1
3b4ee5bd11b3,3
3b5009bd67ab,2
3b5207b6f84d,3
3b57d6722817,3
3b69158045ec,0
3b842e573d63,4
3b880c44cef6,4
3ba54428eb21,4
3ba744292b92,3
3bb35461687d,1
3bbcfe7bb63b,2
3bc25f4361e2,1
3bce300c3abc,3
3bd90e114e5d,2
3bdf88144fa5,3
3be9203f616c,2
3bf0ba9cac51,0
3bf5a489d804,2
3bfb13733ff0,2
3bfdb5ef6565,4
3bff1d73230a,1
3c0ed17b3717,4
3c13375ee625,0
3c13edac81eb,1
3c3399f2170d,1
3c4bae86dd43,0
3c66c7eef4db,2
3c741c0568ee,3
3c7633f8a03d,3
3c87dfa890fa,1
3c88bd82fb37,0
3c8bc8c0486f,1
3c93b438df5c,1
3c9540566f10,0
3c97acaaf4e5,1
3ca4e2ffedff,0
3ca7c79b3eac,0
3ccc4130e9bb,0
3ce6b3843c46,0
3cf517f14e9f,0
3d0812e8b857,1
3d258ae21e22,4
3d2d006e9cc7,4
3d33841de910,2
3d3dd31f00c5,3
3d46132d23b8,4
3d46777c79fa,3
3d4ceb0fe08e,3
3d5778dea835,0
3d6155f6d4e6,0
3d6a6a938f4d,3
3d6e135dc416,4
3d71c1aba63a,3
3d7a5814c41f,2
3d9b3b0801a9,4
3d9d054474b7,2
3da10090af63,1
3daae55407fc,3
3db73bde49a0,0
3dc69e5f2b15,2
3dcd7c85fd18,0
3dd3001cd37f,2
3de21b98d4b0,3
3de521757e71,1
3de827a029ee,0
3dedb0639734,1
3deec0a549d3,0
3df22af63de9,2
3dfc66e41bd9,1
3e0dde11b059,1
3e22009db59b,1
3e2d6faac5dd,4
3e314f95dc5f,2
3e3329765aaf,3
3e4037b0506d,0
3e51ede7ee7c,3
3e585150ed8c,2
3e598b90e0db,1
3e8517547aaf,2
3e940ae3c341,1
3ed3d85a4caa,4
3ed6283fd966,3
3ee0ccf7f5a7,1
3ee6ceb2040b,0
3f1a5921dbcc,3
3f1e5e240522,1
3f207ad5c283,0
3f2755948419,2
3f2ca41bae34,0
3f457bc13b99,4
3f4c0a2bef09,2
3f4c9c73330c,0
3f667806b517,2
3f80fa00fee4,4
3f82bb3ef348,0
3f8ed621f16e,3
3f91d11cef59,1
3f984f0aa172,4
3f98f789e62a,4
3fa878dddd94,2
3fc72e80db62,1
3fcc2be34719,4
3fd1aead516b,2
3ff7ee335606,3
3fff6c83cd81,1
400f0c7e4de4,3
402dfb591509,3
403035b9487c,2
403f9fb0ef31,1
40510039029d,1
40618161dddc,1
4063853b3cab,2
40689b3c62c2,1
407ffbe618bb,3
40925ddc68c3,0
409d2496f978,0
40ab9be365a1,1
40b6a080d09a,1
40d4ba72961e,4
40d67faaee75,2
40d817276317,3
40faddf1bb05,3
410819eea797,3
4108decf2beb,2
411149653816,3
41132c337dca,3
414a2893624e,3
416edca973f9,0
417584cecd96,2
41792cfb0e74,0
4180aa686422,4
4189ab7c6027,2
419b460cc514,4
41a4d1a7f399,3
41b664bf705e,1
41b86a3012d5,2
41c2c7236ef0,3
41c32b7a5b44,4
41da13080a64,0
41f2bb5ef2e9,3
42091afaa4be,0
420bb7be8ab2,1
420d52239d7d,4
4213b8c96b2d,0
421789206c7c,0
422689777b34,2
423249107d57,3
423d5a5b56b2,3
424fb90a4bc1,1
425baa3b6167,2
426023c1b425,1
4278049d12e8,1
429a5f79ac0f,2
42a5ef66e3d4,2
42a9025e9d29,4
42ad2e4feb4f,0
42c28fffc31d,2
42ce6191e14e,2
42f44ddfed3c,2
43001c00ccca,3
430855f2a4ff,1
43183eb0a475,1
43213dfca450,0
4323961acfb5,4
433fdf0e14fa,4
4344f4c7ca1a,1
436ce67eb424,3
436fa63e29e2,0
437964b36522,3
437efcc34243,0
4384bea76688,3
4389b99b9c49,2
43ab168173df,4
43bcd9cbd79a,2
43c65f4830dc,2
43caab830455,2
43e05e0b34b9,4
43e48c2c4291,0
43e67cd54343,4
43f01706a453,1
43f4282677e6,3
4403b3a0764b,3
440cde50a7f5,2
44164216b8ef,1
442570bcd62f,1
444927810e67,4
4453f1641121,2
4463659093ea,0
4475325ffe2e,1
4486acc30384,0
4492a7f00b5f,3
4499cf9d764e,3
449a4e07e0a3,4
44b3c1b1bf89,2
44b6c4a4f9a7,1
44d4bd051e1f,0
44fafe9c97eb,0
4520d87fefbb,4
453bed10c855,4
4540b6e07514,1
454cac81825b,1
455695d95aa2,4
455cbab8acad,2
45642bcec833,3
45666ba64453,1
456c2a3abcf7,1
456f61eec895,3
45725d3453c8,2
4593937b2976,4
4595c11984c3,3
45ba102094d2,0
45dbef1cd1d7,0
45e449878002,3
45ef9c8f3a29,4
45f32c71c022,0
45ffa9e2bf17,1
46096e40afc4,3
460e1bb0eb6c,4
461eb648381b,4
462110dbbd22,2
4624eb6a47d9,3
4635defbbeb3,4
464aad89f39a,1
465969e7aabc,4
467079e557f6,4
4676a91a79e1,0
4676ccc3da0b,2
46789391270f,4
4684064a1c67,3
46b5875e3f4b,4
46b59bea8e92,4
46ee7cfd0bf8,4
470b3d8e543a,2
470d1f1abc74,0
47184d6ce9d8,1
471af1d3f5d0,0
474a199db1f7,0
47666c3cd3de,4
476c4e9bd0e8,1
477668bef1d1,2
478ecae73c0f,0
4797141539c1,2
479b286b5abb,4
479c6fb78bfc,1
47a20936e21e,0
47a8d29668f2,2
47af8c6239ff,0
47bebd1ecc77,4
47f9b7436c3f,3
48115244cd07,3
481267fb221a,1
481522b95d50,1
483526628b9a,2
4838494c6cc8,2
483df72733f3,1
484bf8839834,2
484e59c2708d,0
485d4ccd3c0e,4
486c0b27043a,1
486e633a5721,0
48889844ef56,3
488d48e19716,1
48d8abfbad2e,3
48e089b6f3cb,4
48e1cde4e995,2
48e6440403f3,1
48f2cfe6b564,0
4900ec5edaa0,0
490545ad8409,0
490fe3924dac,1
4911fa4de0f5,1
4926141293e4,4
4926a4aa705d,2
49358afcfb80,0
49374ea79cdd,1
4944adbe3aec,1
4948bfd21ba8,0
494aed280098,1
494f4d7a1bed,2
49508eb834d6,4
495ab5cb9721,2
4968d37e02cc,4
496c2ad36568,4
496dae9e8e48,3
497096b56928,4
49719e81744f,4
497bf4b490c4,1
4986a30d2f81,3
4988fafed3c4,3
4989ab8488fb,3
498f325cf374,1
4991160776f9,3
499a2d5bba9e,2
49a79f8222a6,2
49c79f89893c,3
49cb0e4c4f6f,4
49d93a9813be,1
49da9f9aed0c,3
49f33fad39cc,1
4a0fb5ff55bb,4
4a161522e760,0
4a195eb75def,1
4a1e37b8cd8c,2
4a2ddd0dc53a,3
4a40923456d9,1
4a4163009281,2
4a41d40a63d3,4
4a4e88562235,3
4a4f19493e91,1
4a5bba561d65,2
4a5d1728c12a,1
4a5e943d578b,2
4a6290010ad7,1
4a6479cb67d2,1
4a683fc106eb,2
4a6c95b0cc17,4
4a71cb0ada1a,3
4a7253e116d1,4
4a746c1839d7,1
4a759252b405,3
4a761d73927a,1
4a9a960d2f8b,0
4aa11ef1fd38,1
4aa5037091ee,2
4ab31aa00e4a,2
4ab7fae55612,3
4ab9183ef272,1
4ac2b8f0d043,3
4ac6bbb98b57,2
4acad371fae8,1
4acca25f2444,1
4ae37a325776,0
4ae89e667a24,3
4af510894843,4
4af9fd126565,4
4afc56345127,4
4afcd8aa1ebd,3
4afe7a3ec6d9,2
4b009ead8ab2,1
4b04ef7e5a91,0
4b0811e67743,4
4b0988ac86c0,3
4b0a5a40676f,3
4b0df75f21f5,2
4b1d718d562a,1
4b24276e0963,4
4b263ebf9ad5,4
4b4d19205cf6,1
4b4fa74957a1,3
4b7578c84ffe,4
4b7b9871f26f,3
4b916be9f189,2
4b93ca3c31ad,2
4b9d49cd5e67,2
4b9f90e96569,3
4ba4eb1d380d,4
4ba72e5afc03,1
4ba755b48a9c,1
4bac6c7da8b8,3
4bb14a344446,3
4bb293489dde,1
4bb943c3001c,4
4bc2eb20a505,1
4bdad39035b0,1
4be426760e00,0
4beb8e107830,0
4c053382f9ab,0
4c08df247699,3
4c0a382bf349,4
4c1a8be87462,4
4c1db991f907,1
4c1e5ca11b6e,2
4c1f8d4c24ea,1
4c45ac349e3a,1
4c4a0eb38623,0
4c5a50ece714,4
4c5bc626fee7,0
4c6ddbf0fabe,4
4c74745605a9,0
4c74ab1c7193,4
4c7bdd3da3d4,2
4c8116b5ce1b,0
4c96f8a99305,2
4ca61dd169d4,3
4cb338b6e248,1
4cb87faf6c3d,3
4cce09eca9ca,2
4cd37e041b4c,3
4cd4a247bc30,2
4cdca551d442,2
4d02730ae091,1
4d11294713ad,2
4d2da10bd390,2
4d4042629e59,2
4d468b5b8cec,4
4d53dbd5fc09,4
4d6c1133d688,2
4d70ab1d80d6,2
4d769d3b330f,2
4d7a2748dfb1,1
4d8280d84b26,3
4db82e5d8079,0
4dc6197ec461,4
4dd1c6cd167e,1
4ddbbdbf2690,1
4de525e4d09a,4
4de6472758de,0
4dee7ba23490,2
4dfeb4d6bf0d,4
4e3671f1dbf8,4
4e51ae89d35a,0
4e6e5c81a79c,2
4e81deb94cab,3
4e9a365efc0c,1
4e9eb654f451,0
4ea356d57b10,4
4ea3d3aed9a6,1
4ea759eebb53,0
4ebaaa8b1eb2,1
4ecbcabc9971,3
4ee4406b32a0,4
4ee82c256da7,0
4eea62413744,4
4ef4ede74536,1
4f0201c0929f,2
4f044c4aa6f6,0
4f22fc4115aa,4
4f3ac8ed6bc3,2
4f3ad9b6686a,4
4f429eb104df,0
4f4a405729f2,1
4f4d97d25d06,1
4f4ec43883e1,2
4f7282cd3316,1
4f7398c0551c,1
4f76e9117edd,4
4f87a1a47342,3
4f882088da4b,1
4f8d4904d509,3
4f93ae390464,0
4f9e5a782721,2
4fb1f71d298c,3
4fb948846538,4
4fc9c850619a,2
4fe046c0f566,4
4fe89b3c7225,1
5011af7ced63,1
501f89688227,0
5024b6620c03,2
50586fea5441,3
5062655a0c9f,4
50680af8f366,1
506e43568206,4
50787fecf4ce,2
507ca476f5b7,1
50837951818b,0
5083d7064601,1
508614a9c9ff,3
508b10b44ff6,2
508d6acdc4ce,4
50999edea987,0
50ab8f13a325,3
50b1bb4e5be3,1
50bbbabf06c6,0
50c72842fd87,4
50c7efb145ce,4
50d38e4b0732,4
50de43ee58c4,4
50e9384ca4c1,1
5108dc02655a,3
510b4b2ae848,4
511b76817a88,1
511f9a60ee5b,0
5122ec355c24,3
51294e64d81e,4
512a9622ca0f,0
512f55885e0b,2
512fbe9d996a,3
5133bbb7b75c,1
514b87b8275d,1
514f1f9f8912,2
51502fa7747d,2
515eebd02d8e,3
5170993e49dd,4
517bb458b5e5,3
518213a40c4f,1
5187caabdb51,4
51a10504052c,0
51c3b10f88d1,2
51e626885505,2
51f479f9ac83,4
51f54a38d59f,2
51fef9be5005,2
520e6cad2225,4
521c520f0d18,1
5249dd72e890,4
52507b43ec40,0
525baed75bc5,0
525f144cecf9,1
526393a46dcb,3
528aca245f9a,4
528d756151f8,0
5292575d2789,2
52a07bdb51ad,2
52b4996cd35d,0
52ced5f7e2b3,2
52dc05bd4381,2
52e53caba881,0
52e8c2d0de50,2
52ed9d91bb19,1
5304d41ea0a6,2
5304dd253880,2
5312293ed94e,4
531c0554dc5d,3
53234761691b,0
53345381e15a,2
5351cb9cc20c,1
5359e47a53e0,1
535f8c7a5191,0
5362867f4e6f,1
5368a8bec11f,4
536ec36c3d62,0
537d1ce14277,2
537f2065d631,1
5380acab9ccf,4
538dea1ffd18,2
5392f3af1472,3
53a94edc58d1,3
53a991898080,1
53ab14d3aeff,3
53ab7bc1ca97,3
53aed14e6386,1
53b2ff894bda,3
53b92c44a02e,4
53b974b2f19b,3
53c9dc786907,0
53d2e380669a,3
53d9917565d4,1
53e0e5340faf,3
53e1772f0076,3
53e3f01fabe1,0
53f3c8c16f5d,2
53fefa2635de,3
5400139d2bb4,3
5410626fc53a,0
54224713daae,0
5423b19fb38b,1
54280121aef1,3
542ad25a3f63,1
542d1e88c511,1
5439043e0e1c,4
543ea3ce1275,2
5443c06f83e9,0
544c5afc8628,3
54557f471880,0
54600e52f553,1
547aae81c04c,0
547b1dd0ebcb,2
549205ed957c,1
54a1ff4452af,1
54a27efa3410,1
54a72130e138,1
54bcc360cc71,4
54d2b19a59c4,4
54d3bd418490,1
54d87992ebd1,3
54d88dea1338,3
54d91a0ae31a,2
551461bc852e,0
55178967f39d,1
551ce2f497af,4
5545ef49ebfc,0
5553337f41b7,1
555aa3906759,4
556b76b37e6e,0
5590d0f84fb4,2
55a1e614cd5d,0
55a582ddecc2,3
55b4ef57b6d4,0
55bdad0b3d6a,4
55bf89ae74ea,3
55f9624fef0e,0
55fb3303c057,4
560781b7c2d4,1
560f5765abfc,2
561871085c06,2
5618efab082e,1
5621dfc80f12,0
5623a3a86114,4
562b773e21da,1
565cf7dfcce7,3
56688f5bde5c,4
566c4bfc22a4,2
5670a4a4364f,3
568691cc04c4,4
56a69969ec4c,4
56a6a370c80f,2
56b13bf13955,0
56b6e4918d92,0
56d12d33d79a,3
56ec96b96a1c,0
56fe338adcca,4
5706623a8069,3
57081e4ab3b1,3
570d6703b8bd,0
570e81ad62f3,4
570fd6af9eab,4
5713d12d8b1a,1
57465ec1be57,4
5753677905c4,4
5756aa070207,0
5758d3fadf95,1
576f2da16c19,4
5772159e2645,3
5776db0cec75,2
57776e62829f,4
5782cc9e623e,0
57850405120c,3
57915fbd41fe,0
57b5cc0c0645,0
57ca1820340c,2
57d4f4a417d0,0
57de5c3c19e7,4
57de882902fc,3
57dfecfd86ff,4
57f81b7f45cf,1
58072ae8b0f0,0
582562f90e88,3
583b8489646f,4
583f34f5d5fc,0
5840fda24291,1
5846e5cc51a2,0
58501082c63a,3
5861e8681425,4
586d54b2a31a,3
587699c00f43,0
588b613b92af,2
58ad7c132f66,2
58bd213f054f,0
58c8cb4271bf,3
58cc074e38da,3
58cdb064230f,1
58d5ab9533de,4
58fd19f3e555,0
58ff60a8bc71,0
59227e05796e,1
59289712b7a7,2
5940fcdf4bd7,3
5947be3fea54,1
594b6a49d2ea,0
594b82058ccd,2
5950302be053,1
595bebeca884,2
5970de40ff73,4
597671ef6252,4
5979bc664c1d,1
597c9cbb19c4,0
597f5f3f8751,2
598b2841a3d5,2
599645fe1eb3,4
59a91c5701e6,0
59ab0bb7cd92,0
59ae5885f26b,3
59be4450dac0,1
59cb862d37e1,1
59d10129bc08,1
59e10fae4c81,1
59e137176570,1
59e43e0b66a9,0
59e4e0a44793,2
59e919e7c9b9,4
59f38b6e1b6b,2
5a0e35234db3,2
5a1b6052355e,4
5a23fa5717a3,4
5a249578cf8e,3
5a37eccaeb4e,1
5a40b5567ce8,0
5a642870b814,2
5a7ed16af4f1,1
5a8415bb7316,2
5a869900cfef,4
5a8eabd0dfbd,3
5a9ef6342497,3
5aab89012cc2,0
5ab0afad9234,4
5ab46852e359,3
5abc0730eea5,0
5abe8ebed81b,3
5ae77db07c44,4
5b059ef0f8ee,1
5b0997becf49,2
5b09e5efc537,4
5b1912a3bd37,1
5b1ff168e29c,2
5b380012edfc,1
5b399e31d07f,3
5b4320cfadc4,1
5b5889f8e4b7,0
5b65a69885b6,3
5b96a28a5ae7,1
5baf929549c6,0
5bbc4574f4ac,3
5bbefa3819bb,0
5bc2b00f611e,1
5bcc368d5cf4,3
5bd7e722e24f,2
5bdba76b41dc,4
5be2cf346b1e,0
5bea77df76eb,1
5bf41934ee84,2
5c0600fb1828,0
5c20d46146b3,1
5c3c9a303c13,3
5c49c043d4dc,3
5c4a2ed04ff9,1
5c4e0bef2cc6,3
5c552652df5b,4
5c5a8fe1d563,0
5c63bdd7a0a7,2
5c67abd0b49f,2
5c6b722a9a82,1
5c723c3fbaaf,2
5c973dc7d507,4
5c97fb42f06e,1
5cb7b038e5fb,0
5cc093e8283c,2
5cd6a7ebb37f,3
5cd760576bae,1
5cdce999597c,0
5cf8c5e5aa23,4
5d09203da3ba,3
5d0e25241be9,4
5d3619fd4540,4
5d5f5f5ec586,0
5d66b2f4c8e0,2
5d69d8191cf3,0
5d786634f354,1
5d7a01890cb6,4
5d8bf0fa1ec0,4
5da4d16b2360,4
5dbe5d09d8b4,3
5dbf6c96a74f,2
5dcdd4c77f15,0
5de1720c253f,3
5df3682bc713,2
5df38a03c35b,4
5dfc819491fb,4
5e0bd92365e0,1
5e15393e8483,4
5e1e833afeeb,0
5e22d4f43674,3
5e37afd04281,1
5e3842ff3457,0
5e3a04aec6df,1
5e49ef10d04e,3
5e543578feff,3
5e5b8469395d,3
5e5bee2f9f08,2
5e64e42f9b10,2
5e7386e9b570,0
5e7e2e3b20f3,0
5e811e5fa7a8,1
5e8554463272,4
5ea54f3cfdbb,4
5eb39b25e6a2,1
5ebc6a206211,0
5ec612c367ed,4
5eca9e1472e6,2
5ee57e4e2a9a,4
5ef72546790a,2
5f0bc1dfa0f3,1
5f101534e80d,1
5f159e65db5b,4
5f1d8846918f,0
5f214fc89978,2
5f23e39538df,3
5f262d843e38,0
5f4a1c18f73a,1
5f68d62a53b2,2
5f71657bb13c,3
5f72cd51c9d9,3
5f866897e480,3
5f893a168417,4
5f9127732aa5,3
5f91c6b4a523,4
5f9315239590,1
5f99c94e4596,1
5fcb8bc7513c,1
5feca335d13a,3
5ffacabcbf60,3
600ab69570f2,3
601e2cbcc9f7,1
6024ccb28c47,0
602ee70cb61a,0
6039f7ffcc5a,0
604e3942c322,0
604f2e522f10,2
6051b9586e00,1
60554eada6af,3
60582c2b6793,0
605a4e81d716,3
605f27e6f20a,2
6065262d57c0,1
606f749a9152,2
608311337d65,2
608c09cf07eb,4
60b01c86e9c8,0
60b307a1d9c7,2
60b889344085,4
60b93b323c5b,3
60c01627cfff,2
60c48b8bbf79,1
60c6d93dbf6b,1
60cdc5f41222,0
60e1338439e7,4
60ee48e72980,2
60f2bf33d1b1,3
60f874bde211,3
61007125e8a1,0
610b0e29d87a,0
6126faf783af,4
612b94363f39,3
612db6880c2d,2
612ea5194007,3
612f28c33ac0,1
6133f90e9453,0
614be300927d,2
616a679a7380,4
616ec28bcb52,3
617fdae2aaa1,2
618056db0875,1
6188756af06d,1
618e7671d9c2,2
619a6ab0ef11,3
619a7e7565ff,2
61a2545926a4,0
61bfc6b7b0a8,1
61ef666e618e,3
61f2e71f6a8f,3
61f60b0f22a7,3
61f869d08130,3
61ff519046f4,1
620263ee0a6b,3
620367287eaf,2
620c3af8a678,1
6216290b4e0b,1
622b22589a30,0
623fd21cb286,1
62416d8ec296,3
62428c0ca6cb,4
625715fb0b92,1
6262f05749d3,1
6263c19334f8,1
626ee38b0f09,1
62754eaff473,4
627a4fc2a0dc,3
628ef26663bf,4
628fc5a824bb,1
62afcd0adeea,4
62c027794523,4
62d6d024bfe4,4
62ddc7a85907,3
62e395a60a64,4
62eb85e2e37b,1
62f99ba1566f,1
6307a3323ce8,1
630d91f1b689,4
630e1c371a8b,3
631509ad3765,3
6317840e9b47,3
6317ee51a84e,4
6320290accf8,0
63313ccf753e,0
63343210e844,4
633ad3666fe2,2
6354129bb2c3,2
635679335416,2
635afb883b30,0
635d2d618260,4
637e273ff96d,2
6381a181a92f,1
638952ea0078,1
6395341ccdcf,2
63a1906b6403,0
63a5cd71557d,0
63a95293c73c,4
63ba14ce106e,4
63ce3e6b048a,3
63de1ceb55b8,1
63e0c8d32ca8,2
63e24b10c016,2
63efba9a923c,2
63f0982859ed,1
6407edd84e3d,0
64087d1a274d,1
640fc90f4691,0
642d8346f37a,1
642ffa5c3a59,4
643670d4183c,2
6441a00880e6,2
644889784a23,1
64566b44c452,0
645e83638252,1
6461ec480223,4
646a81833c37,3
6480202c9a6a,2
6482765c23b3,0
648d90c47364,2
6493554b3069,3
64af5726691a,0
64c7b678ff33,1
64c9a942dfac,3
64ccc691d5b8,0
64def9970a5d,4
64f0e6e828c0,0
64fe1afb0534,4
65113c3b3110,1
6517ef244d5c,2
653f6f5d4187,3
65442563a7ae,0
6551dc773a4f,3
655298dad8ed,2
6556bcef1015,0
6566073682bf,0
6568580bafe6,1
6588e42c7051,3
659e18eb801e,3
65a9ac85fb31,4
65b2d542a83f,4
65b3a507767b,4
65b95a01d61c,3
65c91ba5fd2a,3
65e2a7b0905d,4
65ead08a5f6b,4
65f08ae4ff13,1
65f4bde8a785,3
66028624dad2,4
6618a84e2d7f,4
6626a3e68101,0
664e9fb951a8,2
66541affb82b,1
6677528753f7,0
667fec5ebfa5,3
6681e5f3dd96,4
66a8b3010ac5,1
66b8524ee889,4
66c34b9e2573,1
66c8721f3b30,3
66dd033c1bb2,3
66de6285b672,3
66f126a8db9f,1
6703e8f113c4,3
670ad2fc8a1a,4
67196f1a10bd,1
671c4ce69966,4
671caa8e6113,3
6721bc35410d,1
67248a9a20b2,1
673aea73b37a,0
673e42f95093,0
673fa0edd187,1
675662d319c7,0
675cd455cdb8,3
675f6a17212d,4
6761361fb525,3
6764f0f90077,3
678c19bc184b,2
678ff202ffd6,2
67b9fe4a0b03,1
67c1677a5fee,0
67c36705aa1d,4
67c47116767a,0
67d55d17a48d,4
67d896636fe2,3
67f18795f1c0,1
67f888f04a67,1
681a1c6fa22d,0
68370c4bcdc6,4
6845d1fb4095,0
686012381df9,2
6863735553dd,1
686de7618a36,0
68711c5bfca0,2
6873d2c34118,1
68797cbf2957,0
6884d06dc7dd,2
688b9316db30,3
68912f28a690,3
6891e96a910e,2
6898ad24e154,4
689e8924cae3,3
68a2f42e3800,3
68a7d37d581f,2
68a889e685a3,4
68abb2be3ba4,2
68ac87c18bf4,3
68adf82510a6,2
68b2e448f6ec,2
68be8460c512,2
68cfbb3d0757,1
68d167b7ed15,3
68d1b3e6d222,0
68d7d715efe4,3
68d9575beb22,3
68da89574353,3
68ebe7eadfc2,1
68edcbacd401,4
6909e8b953a5,1
690a40dcd44c,3
690cdb1d60c0,3
690e42810486,0
690edf59a68d,3
6915678cdfd0,1
691577f28973,0
691a323878a5,4
6936f4616519,0
6944c794a369,4
69584c7bb3f0,3
695e7da261a2,3
696814af65d5,3
698b5252a00b,1
698ec439ea71,1
69900354fd02,2
699611aaa3b0,4
6996bc393596,3
699f119d8555,2
69a933e0ed96,4
69aa502599b5,3
69c0923dac41,0
69ce4e6043bb,1
69dbd3e7c471,0
69e33b894532,4
69f1fef9ba01,0
69f2bd2ac9ae,4
69f765c5e52f,0
6a034051a411,0
6a11242aa493,0
6a160adfe649,2
6a280e4917c1,0
6a3350b438d8,2
6a41fee76a05,2
6a5a23f659e2,1
6a6071a3d542,2
6a66d06811e5,0
6a69771d343d,1
6a80b8290f19,2
6a91cf79b14b,0
6a9fa7dbed7c,4
6aa32e76f998,0
6aa858b14f3a,1
6aaadabe4cce,4
6ab55b9459a0,2
6ab6283bd80f,1
6abd595dc9ac,1
6ac13e0b0083,0
6ac2e9a9f5a8,0
6acbdc6c8bf2,4
6adfb7a6ead6,2
6ae0779efffd,4
6ae8a88c4b0c,1
6af84ed188fa,1
6afb4796f4d2,1
6afb7e8af8b3,0
6b02afdf2444,2
6b05dd27c879,2
6b08e639593c,3
6b0d54803cbd,1
6b16f7f2065b,1
6b2000b1b002,4
6b20523f5b0c,4
6b25cd407849,4
6b2ca1539348,0
6b35b67f1608,0
6b3dd41dcac9,2
6b50ada2cbef,0
6b6fb3d09a4b,2
6b79708051f2,1
6b9b82594fcd,2
6ba3acc30c1a,0
6ba5b0037757,3
6bb07353d102,4
6bb38a2b98f0,0
6bc01f9a44a5,3
6bcbed37c98e,3
6bcea66a71ed,0
6bd25e34b9bf,4
6be70540f49b,1
6be8198c605e,2
6bf7b5faae33,0
6c006803be4a,1
6c24f49a9da0,0
6c30f2ff1a9f,3
6c38af5d08ab,0
6c38df41eb22,1
6c5894699b1b,3
6c7342c4e585,0
6c7422f3cd88,2
6c78db9456a5,0
6c8c491670c7,2
6c8f1d37069b,3
6c94a17753d5,0
6c9bc782c2d2,0
6ca510d3e776,0
6cad5f4723bd,0
6cb62181e4d4,0
6cd0d5caa9b0,2
6ce204b37e48,3
6ce223a86ce2,0
6ce2a9142829,0
6ce61dcd9de9,0
6ce6dde1c9a9,1
6ce999aa308f,2
6ceafcc1bebd,1
6cef85af3be3,1
6cf1c5a113d2,3
6d0e33569c4c,0
6d10dfb48a68,3
6d172472504c,0
6d33149a9d27,1
6d3dfbb13276,2
6d4475d67eb8,0
6d6965af3f63,3
6d6c79e08f6f,3
6d735565d5e8,2
6d7efd97265f,3
6d83b6774b0a,4
6d918a401365,2
6da07da4db19,1
6de130752a73,2
6de88cb78697,4
6df28558048b,4
6e0870a1ca6f,1
6e1722a9f612,1
6e1af908f926,2
6e1e6e1f06d8,1
6e2036e14c7f,0
6e2814381ad5,1
6e397c1d4ad8,0
6e3e83089363,1
6e4a0581cefe,1
6e550fa78c6d,3
6e6134fd2558,1
6e63af9d6140,3
6e7239f0b71e,2
6e8a357027d8,3
6ea0dfcfa927,2
6ea453b90c6c,0
6ea8cbf6da87,3
6ead8a34ec98,4
6ebb85e3ec55,3
6ebc9d6383f7,1
6ebfc762aa01,2
6eda099db8d0,4
6ee4d806e567,3
6eec41aa515e,4
6ef10ae3338c,1
6ef4623ec771,4
6f080807353a,2
6f0a11450459,2
6f198e82e6e1,0
6f29d576794f,4
6f2af770938f,0
6f2c498c1bc1,3
6f43b168f0c8,0
6f60cbbdff62,3
6f6170503ca8,0
6f640d05c3b9,4
6f6999ed34a6,0
6f6b38f256fb,4
6f6cf201e2e9,4
6f82787b77a9,2
6f88ee365a75,3
6fa9fa493dd8,1
6fb902bf498b,4
6fbf52de1577,3
6fc05a848fc4,1
6fc44d8b4e7f,4
6fc799b585bc,2
6fc7c54a65f0,4
6fcd121e2158,2
6fcfdb41c627,4
6fd699f5e287,3
6fda1242f5e1,2
6fdb93227268,4
6fddebe03b95,2
6fe13adf23a8,2
6fe5d9760641,1
6fecf0039e87,4
6ff3619ba762,1
6ffc47a55a89,3
700f8b64c2b3,2
7015d3f8ad97,3
70181e40a550,4
7026a1d06acd,2
703862f77abc,2
70506829e724,1
705ef7c40475,2
705f6121d2bb,3
70623a0fc6da,4
706310d67811,4
7064f1df2a5a,1
707be9bc8351,1
7082bf0562c7,4
70885f674bb7,1
708fe734309c,4
70946a30bc87,1
70968f0162f7,4
70997208bbc3,2
70a770a53304,4
70b6d1d277c1,3
70be99eea85c,4
70bf1155c5c4,0
70c36a2a918d,2
70c5a1b111b9,0
70c618283981,2
70db5f349b02,0
70e4e4031f99,2
70f5cd25f41c,3
70ff97e1af81,0
71043aaa32c1,2
711e04fc0ec1,3
712a74acd2da,4
713c1dacba37,4
7143ac3d6c02,0
7145f6e09e86,2
714f28824757,2
7154fd5f147c,4
716d94e2d49c,1
717649076168,4
718e884695bc,1
71d1bdc6e89d,0
71d38facca55,0
71d4e9b630fb,3
71d83087844c,0
71dad6eccd07,4
71e052c9da68,3
71f56b6a5589,1
71fb5ea71283,1
72044bb44d41,2
72096a738cea,3
720fb67abb1e,3
7213dcc54526,1
7222149ad319,1
72307dd985e6,4
72425b393845,3
7249de10ed69,0
724d6bc409ed,1
72514d63484f,4
726c53df6609,3
726e81c6c735,0
727cdd8777b6,1
7282d136726d,3
72844dad85ba,1
729a96c67c8c,2
72b5ff80fa42,4
72c48e3d0100,0
72d02af1f658,4
72f57941bed3,0
72fd9281e709,4
73049129c53a,3
73077ed6c5ca,4
730aca6abf73,2
730dde2edfc7,3
731f38a54d39,2
7320a49281fb,3
7322960be0a9,3
732475ef8c2c,3
733ed3e2cf92,0
734b0ba2cd55,3
735523d1689e,1
7359a4fd6f06,4
7367c35f74ba,1
737a25e956f4,2
737fd5b31ea0,3
7397c44412f2,4
73a7ea88d1c5,3
73be9646a914,0
73c1b1a24606,3
73c516bcab83,1
73cc509a84f7,2
73d30bf346b1,3
73daf4596bf7,4
73e3912f1d29,1
73ea4f592cd7,3
740b0dab33ca,4
7416b5cbc531,3
741b969bba80,3
742a1e1fff0f,4
7437ebff0c0c,3
7442e4e2cbd1,4
7468e3ccba55,2
747483509d0e,1
7474d005a422,4
7475f784d4a1,2
7476f5857c35,4
747702a0bbc0,4
747af914db5f,3
7493e758bb52,0
74968646f9cc,0
74a340df754f,3
74a87565a547,0
74ac2e1f23bf,3
74b07ad32cf1,2
74ba8f2badcb,0
74c18333918f,2
74d11c0c0ea6,4
74dbd8125c6f,2
74dc38d75151,4
74ebe8edda5b,2
74f757451b08,2
7521671b014e,1
753ee89d1fd6,3
754759f9a637,2
7551f066c7c1,4
755467af701a,3
755469264a39,0
7572334cb314,1
757db9bd51a1,1
7585d5f73457,4
758eecca893c,0
759a8e5cee9d,4
759fdf1aaf08,1
75a00272c6cb,2
75b33f606cf5,1
75bb6e197bbb,0
75de22fce271,3
75ec06ef924f,4
75ed463d4ef0,2
75ed74f9f238,0
75fc2de53d2b,2
75ff9d63f15b,0
76043e4a6ee3,1
7607adf7450a,2
7607d10ce737,4
760a7a9bb2a1,1
760bf6ad5ac8,4
7610dab485fc,1
76122cbd97f4,2
761d01ff68fb,4
761f0f4ecc85,0
76358a70fd4a,2
76519081a45f,0
7654fff4b24c,1
765d0ac06115,4
7664ec8a8a19,3
766dc0e879de,1
766f55c36003,2
76916f737774,1
76938243a97f,3
76a35cf1cea0,3
76ae6588e5b4,3
76b5e2db22ba,2
76c9821a3d06,0
76d3ada42326,1
76d8b00619fb,0
76f44ffa4441,2
76ff3ec3c022,2
7703e1787577,4
771832685b6a,4
771997f40f43,1
771a4add61c9,3
77217025615d,0
772dbd065c7d,1
773f243da328,3
774720fb2a45,1
77539184cdaf,2
775b359f53b6,2
776cb995a1fd,2
7775226c7ce8,3
7786df1d7d71,0
77955e62e6c6,3
77955e96a54c,4
77a0888b5ac1,0
77b272cdda9c,1
77b4e0d0a49d,0
77c112789ea0,0
77f901809e36,4
780ffa8abde3,3
78258aa63d76,1
782ab22207fc,3
782d728ee09c,0
7846f687646a,4
784af90e8cac,4
784afbafee30,4
78509f1ae31c,3
78543ff029b2,0
785e985b3a22,1
78661808d8d5,3
78688bfcd441,0
78777565b528,4
78791be84503,0
788eb199cbc8,4
78909b4d3179,0
78e93504e04b,2
78f1e3db654c,0
78fbb30eb244,4
78fc07c1dd2e,4
7902e534869e,0
79140443c2e2,4
79144883061c,4
791bd51ede54,4
7931e444dbc9,0
794cfa848e12,1
7952c18c4664,4
79642d095252,2
7974c126e951,4
79774c9d6ec5,4
798c27690f1f,4
798cdfa7890d,3
798f8e89c7a7,0
799558b3a63b,4
79a8a08dac37,2
79b0461d245a,3
79c3bf957d49,3
79cd05c9c1f7,0
79d205d0e7ae,1
79d4f7356c39,4
79d5d8448dca,1
79e2eafdb5cd,1
79ec91f1194c,4
7a06a32e54c9,1
7a1023392e52,1
7a15889e036a,1
7a1934d2866f,4
7a222273085d,0
7a4341a6a2ee,2
7a5105c66642,1
7a5df4446ce7,2
7a69851883f3,4
7a8fb17a122b,3
7a9186d8ab3a,3
7a9a5b3ed60c,4
7a9b2f9aa761,1
7a9e0a0b31a1,2
7aa4e85e5eb5,4
7ab1b20d8fe2,1
7ab568cc7d2c,4
7accecff2bc8,4
7adea6f20461,4
7ae41bc8d8bf,2
7ae544e53ea7,4
7aeddba2094e,1
7afa1e20a54e,0
7afb581299a8,0
7afee3a6d7e4,0
7b00f77a1879,3
7b10c52613de,3
7b20d3520e9c,2
7b276333034c,1
7b36888e8eae,1
7b54de3984e8,1
7b5b31210030,4
7b6c49da06db,0
7b794c082812,0
7b7ca73afc9d,3
7b86ae8017e5,0
7b8c999b8505,4
7bab30555627,1
7bacc2783fa7,4
7bae3da7cc02,1
7bb06ca2150c,4
7bc704a7b154,0
7bd39a169837,0
7bdfad741d14,4
7be73deb61a8,3
7bf83b446661,0
7c0f86e9da94,4
7c1c89a066e5,4
7c1dcb902f6d,3
7c3b534b7eca,3
7c4a1edebf20,3
7c4bfbefede8,0
7c4e845285e8,3
7c5406d6328c,0
7c656a0a1a65,1
7c683e0b4100,2
7c6b51d6639e,1
7c818f4cbdec,4
7c96d6d546d3,0
7ca967363865,2
7cb0d082d21b,2
7cb0fdd18092,1
7cbbe81579da,2
7ccfe56da30b,0
7cd0bf7381c9,1
7ce1ebc880e0,2
7d00aecffe34,0
7d04273b5886,4
7d1c99d9eca8,1
7d26435833cd,4
7d28b814a4d4,0
7d2b67f6357e,2
7d2ca42f0906,3
7d38fbf46bbf,0
7d3c837a7644,2
7d4971c1d0ca,3
7d5282a52850,1
7d64b5b28306,3
7d6d614eefb7,2
7d70e90deb87,0
7d82d53204b8,3
7d9f72046513,3
7da2b553b5ce,0
7db18af1a9d1,4
7dbc098b8eaf,3
7dc1629a0438,0
7dcc972565e6,0
7dd3347b0d10,4
7dd6835dfc59,2
7dd880b043d6,1
7ddb42c36bf7,3
7ddc4c9daa44,1
7ddcf63a332f,2
7df6ff1a1957,0
7dfd6afee3e9,4
7e24eea87ca5,4
7e26e0963bac,3
7e285573bf0f,1
7e2fe165275e,1
7e4059d6a0f9,3
7e4b2e28a241,3
7e4d12c47e50,3
7e4e45a6428c,4
7e5785e7fda6,3
7e5a7b6193ed,1
7e6c68462e06,3
7e6e49e5eea7,0
7e7701fec9ef,2
7e86ca47ec47,2
7e8be259013a,4
7e91e041c7d4,0
7ea118331dfe,4
7ea7f0ce6ba4,3
7ea86dbc72ee,2
7ea9b8b90bda,1
7eb0a56757c0,1
7ecdff541fd7,0
7ed37feadd3f,4
7ed9fad978ce,1
7edd62b5ee2a,2
7ee5e08e45e4,2
7eed9af03814,2
7f00e5d4ac58,3
7f0a5ea1b11b,0
7f18403a5a09,0
7f3ba4a37c52,4
7f4b1a1e987e,3
7f5a35344d25,0
7f68921f1b58,4
7f73780cf1f4,2
7f7379e733a2,1
7f773ab567dc,0
7f7ef67844a4,0
7f84d57bc1cc,0
7f88c3e4abca,3
7f9619af434c,4
7f9e2766281e,4
7fa441d1dd32,0
7fac35c9e1f4,0
7fba08f9ba1e,2
7fbc91fa08ad,3
7fc0becb14fa,3
7fc436f0300e,1
7fcd5a0e4eca,1
7fd0efde20b7,2
7ffb3015dacb,0
800c22b13e4c,4
80195e7d2700,2
801ff0c146b7,0
8021320a355b,3
80338e4bf528,0
804119f6c0a6,0
80432401db2b,2
804c4dddff6d,0
8052009f6e35,0
805989876fee,4
805e6350549c,1
806161ff1e51,1
8072ea43a9ef,3
8078a3f5012d,2
8087e3bc0efe,0
8087ef52aff5,4
80a0658f585b,4
80a38757f6b5,2
80a497a15df6,1
80a5f2f9ba0c,2
80b74df174a9,0
80b798963819,1
80b943fa8ecf,0
80ba72c35938,2
80c55ce81802,4
80e2360423f2,2
80e3f166ad2f,0
80ec7581b718,3
80f212c4109c,3
810cc5bdecaf,1
812fbc20eda8,3
81493310c235,0
814e0fdfde1e,2
815214972656,0
815278b6c176,2
8160bfb420dc,0
81651ff35cb8,4
816ff8fa8f42,2
81711d215ec7,4
81718ce513ca,2
8176a9253108,2
818bda3ca15d,1
818c3096a5c4,0
8195c077997b,4
81a0dd29620e,1
81a3d149dcbf,3
81acc5470917,3
81b0675331b4,0
81c1e36bdcff,3
81d2c8305d95,1
81d4dbd5c6d4,0
81e2d490e2dd,4
81f6b4b343f7,3
820fc489e682,4
8210fde8fa5b,3
82120a4eebc8,0
8221a4155cc0,2
8222875f1a91,2
822b399fcc86,1
822e520f9538,4
823201a39872,3
8233f911c99f,1
8234b8dc3a41,0
8237d25ed806,2
8240e63ae3b1,0
824374b82868,1
824aac4d4e6f,2
8252bce4e90c,1
825e493ca940,4
826272b8be99,4
82647925ff05,2
8267fb6fc89f,1
8276779107e0,2
82868316ea05,1
82a47c1a9db1,2
82bd4db9b87c,4
82d0600dbf57,4
82dddce7c481,4
82ed58c1b0db,0
82fde36914bc,2
83007940394a,3
8303825d6924,3
83088a9ca2d2,1
830984d74452,3
830d41512494,0
83127fd75313,1
8315467702a2,4
8315b4f8b2c8,4
831cea12cf2a,3
8332bdaddb6e,4
834223220998,2
8351c991c7c2,0
835dd3c81c51,2
835e83150535,1
8362bdc5c7f5,4
8367345da05a,0
83681c8b7743,2
836ca5c35bbe,3
837fc1ed550e,2
83831a99704c,3
8383c0dba9bb,0
838e5a8c531d,1
83a64f9d121a,2
83b424ef8bb1,2
83b6679566b0,3
83f637917a44,1
841519065bd1,0
841dbb381261,4
841dfb2ad2ee,4
8420a2430b65,0
8423d0d5c0b5,0
842eea3e3951,4
843eebbcc0d2,2
84407a15756d,0
8447b9e9ad00,0
84494159f6f7,4
8452bd412bba,0
84543edc24c2,0
8454851c5270,0
8463b94b29dd,3
84657bfd51ee,2
847ae068d771,1
847bfe455325,2
84a02fcffbe6,3
84a72fcf010a,4
84b117cebcc5,0
84b4d7b819cb,0
84b9878362e2,3
84b9fb2a6744,2
84cb858a8b18,4
84ea93253e6a,3
84f48ed1bafd,0
84f7aa8afdc9,3
8501ffeadc53,4
850c52c535e1,1
851e96562411,0
851fda48d245,0
8526a25964da,4
852848545a6c,0
853df92b47be,3
854d97049377,0
8557928e510e,1
856020133090,4
857b9908a0aa,3
857f22c031b7,2
858725b534d6,0
858f01b51c3d,4
85919d3889fd,3
85a651285b8e,4
85da175299c4,2
85dc058820ab,3
85e721c2c2f7,4
85f8405ef40a,2
860611cd1738,3
86092024d731,2
8609ebfada9d,2
862500dd01a4,4
862cdc30fb27,1
86323e8815ce,2
865cee33719e,3
8661a2df18d2,4
866879344af1,1
8672a27b3291,4
868ad6196144,2
868b181bb303,0
8692c37fba6d,0
86aaf2215fd4,0
86ad90147e40,3
86b08ada55fa,3
86b2cddc9a96,3
86b3cc6ce217,2
86d7ce86d31c,3
86e209c99853,1
86e635af366b,3
86ea395dc8e2,1
86ecdad652bb,4
86f0ced73df0,3
86fbc6625250,0
8704605c8d78,0
8707f9b371b1,3
8716e2d245fd,2
871805a76116,2
8723fa61b4c9,4
87463d16a03c,4
8762482fa9b6,1
87664803e3cd,0
8771126854cb,4
8783ec3cb07a,1
8797c00011a7,3
8799f31db518,1
87aac5a95951,1
87ad926c7cd5,0
87ba5ef70efe,2
87c599255c0e,0
87d8d1d29655,1
87e342354d85,1
87f4d0c6babd,2
8800f300982f,2
8805b17f963a,1
880760598f51,0
880ef66733bf,1
881057f737e0,0
881fc5cfb469,1
883ec957d088,2
8843524b8371,0
884ae726c5fa,1
8855be1da6d3,1
885dd0b39eb1,3
8861d23685ef,3
88678531fd19,0
886d6aa11cfe,0
88787efdd3d9,1
8879adb07db4,2
8888489ce27b,3
889b5893c83d,3
88b7b5dcfd30,1
88cb519feae6,2
88dbdcdb59c6,4
88dd320cfa0d,2
88de39a40a62,3
88eecc1b7e07,0
88f2e452d4b2,0
88ff3858d82c,0
890bbfb62803,4
89195455e6ff,3
891dccc7f408,3
8937a100c4b1,4
8943d1d85097,2
8945d312af6a,0
894cf780d724,2
895c41c283cd,4
896ab1acf6f2,1
896ea179cbae,4
896ff6f04d0e,4
8976a065ab10,4
897ab7243051,2
89921b036cc3,3
89a16f9951f4,2
89ad8581ccaf,1
89b8af016a97,2
89c6489e8df7,2
89cb02de68a7,1
89cc008ddabf,1
89cd18ca5f82,0
89cfe8497e68,4
89d2589d197c,3
8a0139211dd5,1
8a0bb2abd955,3
8a0e92da8c69,1
8a3b38dbc12d,2
8a435c339b1e,2
8a4619a36d39,4
8a606a964b1d,2
8a6b5f89162a,0
8a7c3c0d189c,4
8a94bebcad6e,1
8a9cbb7e5b10,4
8aa4c1ae195d,4
8aa587a862e8,1
8ab2974732c8,0
8ac54cf70296,2
8aca32492ab8,3
8ad88b978f87,1
8ae458411c33,0
8ae943cc3a16,0
8afc6567147a,2
8b059659257d,3
8b142bc65db2,0
8b18f1963aff,1
8b1b8b42cbd2,0
8b2d041e7a32,0
8b2ffd547ee8,1
8b41c96e9f63,4
8b4741c28384,1
8b52cf335c4d,2
8b5efcadabf9,0
8b5f06c0671d,1
8b7d91225bc5,4
8b7e0c35fd8f,3
8b823bbc32a8,4
8b86c273f095,1
8b8d05db440e,4
8ba23886cfb4,1
8bd4738d4f00,3
8bd62094ea13,3
8c15768ece37,1
8c1872520275,4
8c19695fed29,2
8c1c165022b6,4
8c1c719d654b,2
8c1f2172bcf0,4
8c272c45e4bf,4
8c273b4a9fa6,4
8c382f780705,4
8c46388eee54,1
8c5533597dc0,1
8c7bb7271ef2,4
8c81896e7e55,2
8c8b558206fb,3
8c908b6f01fe,4
8c93b1d9363b,0
8c94a7329137,3
8c9bb70fac25,4
8cc1d57b3142,3
8cd25736a9e1,2
8ce7315d04b1,2
8ceba80333df,4
8cec64c8a30a,2
8cef368b3a7d,0
8cf2f88c1831,3
8cf5886a6526,0
8cf883e963b2,0
8cfd81b6304b,1
8d02fea832ad,0
8d04e38ff3cc,2
8d05f7a01571,1
8d0a46af75e9,2
8d107e939496,3
8d119ef46916,4
8d1bb5055032,2
8d1e97279e94,3
8d262970d57c,3
8d266ade4183,4
8d2c21678869,3
8d370ba466cb,4
8d3cf4f69a12,1
8d4380e847cd,4
8d4af13cfe6e,2
8d5526be4d5c,4
8d603dc4f0fc,1
8d6424e7fe13,4
8d73ece7fea9,3
8d858ba398ca,0
8d98b1ffe5cc,0
8db3c6dd3bc8,1
8dcafd2451f2,1
8dd03d75fbbc,1
8dd2336dc141,4
8dd9d392745c,4
8de0328fef41,4
8de8992ebe51,0
8dec4313cf31,3
8e0e8fb16772,1
8e207d306f5a,3
8e3028ee83b7,0
8e303eb56993,2
8e589a80dc42,4
8e592ea3b990,0
8e66608fcb8b,1
8e696c58fe5a,2
8e6f3fef011b,4
8e844d4f4027,4
8e87c40ed05c,3
8e88d7565396,1
8ea4a61f36d5,3
8eac27104552,1
8eb7415fd75d,0
8ebfb520f2cc,0
8eef90c9d718,0
8ef5384dc952,0
8f08039e8b7f,4
8f0cd3800684,3
8f1242af7d14,4
8f152cdec38a,0
8f22d79a5ba0,4
8f25ccd15213,2
8f3131f02439,3
8f3a2c63b390,4
8f3f2c566e2e,4
8f40087975d6,0
8f43952cb2e4,4
8f460f57d325,4
8f59e4041fb3,0
8f668881cb15,0
8f67031d69a9,3
8f67f991ed01,1
8f83ac5ef880,3
8f8c93da549d,2
8f969a767c03,4
8f9900d6dd98,1
8f9f2fcd1101,3
8fa13c443211,1
8fa4e73b7253,1
8fb9240dd35b,0
8fc0ab15fbba,4
8fc46a1ef7d6,0
8fcb4fdefa9b,2
8fd26a99fddf,1
8fd6cbf80a60,3
8fde67c815d9,3
8fe8e5f3d9f2,0
8fece7358b68,0
8ffea46ac1bc,3
900f971c9d9d,3
901033aaf100,0
9010d82f158b,4
90128165c011,1
9027e97cec00,2
9032f7dfa5b7,4
9039045a41db,3
9039323ef12d,3
904b2fc4d66c,1
9052d0b6f07e,4
90563a9f1f5c,4
905f6de7b537,2
906b1c0633c1,2
90857afa360f,1
9092b76fd394,0
9099a377b0ba,3
909b093ebd7b,0
90bbbbe42dcf,2
90d2406651aa,2
90e2e92afe33,3
90ebb1c07f60,0
90f926079a8b,3
91052d91573d,4
910fd590ada8,2
91107b116bec,4
9113eb5c46c2,0
9115e6b5aef1,1
911de1f9cbc8,4
912c5491499a,1
912f0bf73b2c,0
913182869146,3
914fd6a59eb7,1
915043edcbdd,1
9168248b2ad7,3
9168dcefe508,3
916911dbc503,0
916e496c7276,2
9178d88ead3c,3
9185f141a3c9,3
919d121c32c5,2
91a2860aecda,1
91a2f86aff44,4
91a5b9eda347,2
91bd57a2c56d,4
91ced42c375c,0
91dcfcaf5ee0,1
91e00c3ee94b,4
91ffc27224b8,4
920248f0e483,2
920a0f6c743f,4
9225830ff6e8,3
922ecebef0a6,4
92416d4670b5,2
924f402e5f21,2
9250de4a08c0,4
926375b034e2,2
9273fc8c7085,0
9276f2d48294,4
9283b3ca7c42,0
928e54bf8b2c,3
9291a5debee0,2
9298dad2b9d5,2
92a134ec6693,0
92a2802a224d,2
92aacc2910ce,2
92aad2d01be8,1
92aae4899047,2
92cc20c21651,1
92db40d7a773,4
92e2158a09b7,4
92e8920ef425,3
92f12dfc9ba1,4
930457b2b7fc,3
93137dfd6a8b,4
9315df5edab8,1
9323ad96ee81,0
932c6343566e,0
9330e8848d54,1
9345d903a235,2
9348d63bc024,1
936046fa7b66,4
936679c7b27c,3
936867da7b98,1
9376fced310c,3
93882c2250e5,3
93915d2e405c,3
9392e6a8e272,4
93b2c01193e9,1
93c6a74d9ef2,2
93c9ce299102,2
93d96a02c3f9,4
93e8a7d28f91,1
93eaff86bff6,1
940927eb98cc,3
9416410a5b04,2
941bf7ac39f3,3
9424c80e0448,4
943486bb3aac,0
943d27c0247b,1
943eaf84ee7e,3
944341248373,4
944ad5bd7a02,1
94540d5e5767,4
94550ef7a70e,3
945d11f79ea4,3
94708a574bf1,2
947af0140d33,2
947bec537575,3
948a3520b1f3,1
948b59d6a856,2
948cbaad29d8,3
949ec5954702,4
94a3a166d2e6,0
94a65a60dd0f,3
94df074651a2,3
94dfb50b5b37,0
94e318e3c980,0
94eda787df5b,3
9506596cb1ab,1
951400899440,0
951b8755c772,4
952077ae882b,0
9524452c1d3c,0
9526218fe33d,2
952f04d9cfcc,0
9533d6931fc7,0
953e5e477eaa,2
954f8acb98dd,4
9554527fd4a5,1
95566106ef97,4
955c9a911fd0,0
955e9f43b034,3
956888a7378d,3
956d5ff78f91,2
95728086046a,1
9575884bee6b,0
95796dc2eced,0
95843bf24ddf,0
95857167b435,3
95940c3f283a,4
959a145fac73,4
959d3d0d8199,0
959ee59f6a71,3
95ad3f9aa671,1
95bdaffbc7a2,3
95c2b109d0d4,3
95c3cd8b0bba,3
95da43e095d3,0
95dba116ccd2,1
95eb56f807cf,2
95fb8be641af,1
95fbf4e69a21,0
95fcf5433b40,3
95fd7cfafd10,4
96067887a106,2
960d37415757,4
961761c43308,3
9618c3ca410e,0
9624ffcd114a,4
962b514336b7,2
9639e228b628,2
96427109f6d1,3
96448f229e67,1
96533d9801a9,2
965aa8281388,1
966247fbd8dc,4
966b3f33b181,0
966cf034dd4c,3
9672beea2200,2
967c057bb8f5,4
9680b6bc8e55,2
96847884be69,0
9685362f9920,1
96991f19b1f9,1
96b52adeeca5,0
96d1f9ad6e80,2
96d6988dafa4,1
96d9d0f47cbd,4
96dfa1261098,4
96e0daba7ca8,1
96fa47f2b83f,1
97020cda085f,0
9704fd5364eb,2
970c96c9fa5d,0
970e477a229f,0
972ffc42f524,4
973c7216c8d4,2
97621dde2dd7,3
97674ac9caab,1
97692c000b63,3
9776469ed2a5,2
977af8f945cf,4
9785b5d2ce37,3
9788d6db5ccf,0
9793d59830f1,2
979f302a2fef,1
97a4dc6f1f5f,3
97d942de179b,4
97e16d0a1e67,0
97ef8dddd102,4
97f397ffb11b,3
97f7b3de1e6c,0
98023f79d14d,2
980351f05de0,4
980a690320eb,3
981094f34e9a,0
98177d6d0db0,3
9817859ffa87,1
982b445c0d1b,1
983579cf7e1a,4
983673fbc3e3,3
9842ee31aee8,2
9847df53f2f7,2
984ce6dfbc51,3
985183d8e424,4
9855cbfdcb71,3
985b26811cf7,3
9862e4094231,1
98696039f5a0,4
9872417abeed,0
9878f8b090bd,0
98868469e23c,4
98a3f60e39a1,2
98bbbab1a415,0
98c6965e9185,3
98ca208a6e43,0
98cd48a41756,4
98cd793644aa,2
98d13a3c4060,3
98d246dec8db,4
98e5ea7a176d,0
98e86888141f,2
98f14a54fa31,1
98f702bb9649,0
990599c35260,0
990642807f68,4
990da56b9183,4
990fc38a16ae,0
9911a3ab56c2,1
9915d9038245,1
991c7282e91c,4
991e39f747a1,0
9927fbe86982,1
9930f422e63a,3
9934fb324443,0
993b749f6c8c,3
9945a45c802e,0
994885f06db4,3
99499db74741,0
995b90d044b3,2
99606cd849bc,3
996e865f85d2,2
997985cf7142,3
997b769bd2bd,4
99a33da42b9f,0
99aa2bb52d7e,3
99ba95380399,3
99c1585d12cb,0
99c38d2b32b3,0
99cb21faf18a,0
99cb5766690f,4
99cf4e630194,3
99f38c618539,0
9a0b8204400b,3
9a14755ecb62,4
9a19d3c19232,3
9a28b92792aa,3
9a2ad069cce4,3
9a493656953a,3
9a4a6abdf776,4
9a55a2828b28,0
9a7558f7afc1,0
9a769075f534,4
9a7b51f98ab5,0
9a815fbcc84a,4
9a929fff0d10,0
9a9306122b73,2
9aa19b9ab337,1
9aaf7f37753d,3
9ab36af82642,4
9ac50f02c18c,2
9acd72663429,0
9ad40e851b44,1
9ad7aec257e6,0
9b0a69e3220d,0
9b1d142bd9a9,2
9b1e813ea349,4
9b23056b4965,3
9b350fdf9d64,3
9b3748a1c634,3
9b4bd818dd00,2
9b5b8816a625,4
9b645ac3442b,2
9b6ddea1d71e,1
9b74cea0d6b1,4
9b74d9ad3f2c,0
9b7abbb52fe9,2
9b82de27b7da,3
9b84e9c337df,1
9b978a92670c,1
9ba12eba8ede,3
9bc0baeae132,1
9bc1a2bcd4b7,3
9bcdbf81ef2a,1
9bd0adfaf794,1
9be73d4b7339,1
9bea3f653677,2
9bee391e272c,3
9bfc747353b9,4
9c03092ea533,2
9c1f5a410926,3
9c7647d1c27a,1
9c9195463881,0
9c95946da400,4
9cb94320645e,2
9cc2f64f0c58,1
9cceed954b94,1
9cd0c4ada41f,2
9cd8791681aa,0
9cdcb56eaaae,2
9cdd781b61ab,4
9cdeca924178,2
9cece086de6f,4
9cef4ea2d3e6,1
9cf41cd052f7,1
9cfda4a0d375,4
9d0157caf088,4
9d07514a1023,0
9d17eb56c1ab,1
9d1c6d0be5b2,2
9d2251392b2d,3
9d2c1cb6203f,2
9d398b995734,1
9d41436ab64b,0
9d458fcc8594,1
9d46d14396b9,3
9d514ce429a7,1
9d553ab91801,0
9d55b43150e5,2
9d577463e64c,0
9d5a724952f4,1
9d5fb048b2e3,2
9d6647847383,4
9d66cc2c906f,4
9d692d81efb8,2
9d7e20c01f99,2
9d85cfba99ae,2
9d8fb5abccc3,2
9da3efcced2e,1
9dc2ebecf986,3
9dcc529a7a34,1
9ddd0027433b,0
9deb368bf67e,1
9df4a907f7f5,0
9e128d1afcf9,4
9e1b05a7acb8,3
9e203aeed99f,3
9e2ce8e735ab,1
9e344b8a4fdf,3
9e3727c8eb64,4
9e49c8e24623,3
9e4d14c0491a,3
9e54c4048c29,1
9e5cb858ff8a,0
9e5cdeb53c06,1
9e61d18ded2f,1
9e649215f5a8,2
9e6e8142ca4f,1
9e70afac2591,2
9e764db71b31,3
9e99231860d5,1
9eabf871003c,1
9eee6113cbea,2
9ef4fd7b2557,1
9f08bfb28f37,3
9f0ec4c9eba3,4
9f18402a0625,3
9f1a9ff51098,4
9f2c8b935d12,2
9f46e9ceed53,2
9f61fffd8a09,0
9f8d8f947beb,3
9f91689f9177,1
9f95066c5136,0
9f980fd8cfa2,2
9fa10c15f544,2
9fa2ca50548e,0
9faedba4b8f9,0
9fcd343ef67b,2
9fd6d2ef1078,0
9fdc942fef5a,0
9fe59641da0d,3
9fe9b5770dcb,3
9ff049a6b395,2
9ffca298e56d,1
a00e889aef1b,4
a00ea9526864,3
a010493089f1,4
a01635a34416,3
a0254bf8a96e,0
a03475617868,3
a039c3e66fe8,0
a03daefd7f50,2
a049406d1973,2
a059024800d5,1
a05e3567f7f8,1
a0627abab45a,2
a067f7763b96,0
a072ab44ba69,2
a0927e51897c,1
a09a654ac934,4
a0a788258015,2
a0aeed6297e4,3
a0c909dffbff,2
a0cb0b96fb3d,4
a0e4e4803252,3
a0ee0882a1af,2
a0f781c851b5,4
a0fa0c688236,3
a0fa7251455a,4
a1052bbfc9b1,4
a11b33c50c84,4
a12376c1eb75,4
a12656e39aaa,0
a129df480e7f,3
a12f0ab3d7ed,1
a15ae5112312,1
a16bd2ab79c3,1
a170d9c2a410,3
a173eb366e83,2
a17c8a3c6416,3
a17dffb1dcf9,4
a180e392df12,4
a1844a4ba6f2,4
a1864aaf556e,2
a19272b73379,3
a19382e3cce5,3
a1a0ff86b50f,1
a1a4fa99ef5d,4
a1adb406b342,2
a1ae5f6f0d47,2
a1cc057809db,0
a1d3defcc10e,3
a1d3ecf7c3d7,1
a1df5617626b,1
a1e38936bfff,0
a1f9e53e9270,3
a1fca1702255,0
a2040274d57b,3
a20916a9f4fe,1
a20c8c388d36,0
a20f42a2f5b0,4
a2172305e7ba,3
a21b244030e1,4
a21d04e8fbe1,3
a22fdbc3266e,2
a231f3b0d9a1,3
a241b8b55623,2
a2503ebcfbd6,3
a25113d5cb14,3
a2534013634c,4
a26315a4a01f,2
a26c23e61853,3
a273942175e8,0
a27ab5ca843e,0
a282ce9c0b8b,0
a286861ce88f,1
a286afd80fbe,2
a292b1d0cce3,3
a29b6e721a2d,2
a29dd9b40ef0,0
a2b155b28828,2
a2c18811ac63,4
a2c441a9a2fa,0
a2ca59370337,3
a2dab8d548ca,4
a2e68abf134c,4
a2ea009b52fd,3
a2f3fa59d0cf,3
a2fd15d23a65,4
a2fd48c105c1,3
a30df02de39d,2
a312d66f0f1c,1
a31551d81bec,3
a3262ea06be3,1
a32acecb1060,3
a335674d8416,2
a33697e797cc,4
a336bfc009da,1
a3385095361e,2
a33a10fc3288,4
a33d67387cbb,1
a34bfa3e0298,4
a34c88047a71,4
a34fefe62a8c,1
a375e7272183,2
a3816b3911d8,2
a39c8877e5f3,1
a3a1bd42e1d9,4
a3a97e9826f2,0
a3b3e87e80c5,0
a3ca77fe7d3e,0
a3e0a4f98acf,2
a3f6bc388702,3
a3f959cfb652,3
a40024c82acc,2
a40158c68404,1
a417b008dd8c,0
a41ae95d5d0f,4
a421f856fe02,3
a42ae62f7181,3
a435175b518a,3
a4398fd61dca,1
a4429932fae7,3
a44afa4fa73d,1
a45728df9fa0,1
a45b8266678e,1
a45cba2a479b,2
a45fbd22e4b2,0
a47390d298a2,3
a47b48392e9d,3
a4856003f5c1,2
a48a2da30373,2
a4a423ac8d91,4
a4a51116a876,1
a4afefa6dc77,4
a4b311d1dc4b,1
a4b8c6113a28,1
a4b902e30c61,4
a4bd8a5f8b60,2
a4be1f6bd25c,2
a4bf95ce9c17,4
a4c2231544cb,1
a4c81006c600,2
a4cb6223131e,0
a4cc472d2a30,4
a4db0d4869c5,3
a4e94133d95a,2
a4fa1a3f4931,4
a50b43f24453,3
a516d0dd7c9e,4
a5203b903444,0
a52265dec2ad,0
a52862899ae4,3
a5303f2a4c73,1
a5305e516c54,4
a53784deddfe,4
a53b397be0b5,4
a5400b659f7f,3
a541ccade574,3
a54e0662895a,0
a5591a2fd5d8,3
a562e6aaeed3,1
a5656b78cc0e,1
a567703dcd4c,0
a56a373f11f7,4
a57441f93f98,2
a5810f9d2099,0
a588a2d63baa,2
a5958238aa4f,4
a5af28176585,2
a5b9482cfa77,2
a5c349de688d,0
a5cb6aa21cfa,2
a5cbe7d78172,3
a5cd73b4850d,2
a5e58b48fde6,4
a6053c14099b,2
a606d1cb54cf,0
a6393aff012f,0
a642231f2c63,1
a65bcb6bbd21,3
a67f882788f7,1
a68885796918,4
a68ac3632126,3
a6c79f136694,1
a6d79e0bfb02,1
a6e088644d5d,2
a6ee878fe655,1
a7030c1f5a47,3
a706d8ac9dbd,0
a70bc81f81c0,3
a70d50759dfb,2
a71df1f07bde,4
a7289f35fab3,3
a7335b2f9815,1
a73389a6c2a7,2
a73d9e158691,0
a74fe5607fb8,3
a767a45f0161,3
a76a593c467d,2
a76ce630b714,4
a791b775061f,2
a7931ddb1010,3
a7ae3f0243d2,0
a7b4d14caf36,3
a7c0ee2766f9,0
a7c66f4267fd,3
a7c82c7debc3,3
a7d2a7380ba6,3
a7e94066fbf8,2
a7f1ea850ad8,2
a803abc3bd58,2
a80f1386b01b,2
a81050391441,1
a81e1c6fc22e,0
a820390aef69,4
a8351982c575,4
a842d9e96828,4
a84d1f0c2ea2,2
a8539cb5d071,2
a85adc24df0a,4
a85f570c0d58,0
a862fd88bd49,1
a86697ca60f2,4
a87414206bcf,0
a874435f5b2d,3
a87879343eb4,1
a880ba760a7f,2
a88363cb1f70,4
a891e4625f8f,0
a89c1f3470e1,3
a89d9679bdf0,2
a89dac81f0b7,4
a89df9ce879b,2
a8a91d572566,3
a8aa15852dfa,4
a8ad69453683,1
a8b36d06c030,0
a8c60c0ef43e,1
a8f1280e52ba,0
a8f1c2912768,4
a907108f72e7,3
a90de7edd9b7,2
a91f96dac3cd,4
a93183bb781c,4
a93443c47808,4
a937614104e3,1
a93e81387ffa,3
a93eef7b3676,2
a9414722ad35,4
a94358cbd9f3,3
a94e15ea47c9,3
a95bcd8ba9ad,3
a96e94314925,0
a96f2b221dd0,0
a9734406aa90,4
a97f1cd45b2b,4
a98995d04eb3,2
a98a217fe57c,3
a99534146bde,4
a9a8f500fea0,2
a9b76ab23b0b,0
a9ba9da7582a,1
a9c7b47af882,4
a9d37ebfe0e8,1
a9df86ee71d5,0
a9ef2636d4ac,0
a9fcf78c3469,2
aa01253a3226,1
aa0420c82f8e,3
aa1cc09c4f1f,2
aa20aaac8504,4
aa2765d02403,3
aa4b16d18061,3
aa6bbda8865b,4
aa6deaffe9ca,0
aa6f4d3e11d9,0
aa6f86d26781,1
aa749b4d6cdd,2
aa7cea654180,2
aa7dce7556b0,4
aab3267c0c17,0
aab84245d034,4
aab8b7e093e2,1
aabe07602051,2
aac325aaa28c,1
aacd7ff3bbae,3
aaf19284ce23,1
aaf4645886fc,0
ab22e9457bfe,3
ab2560a15171,0
ab2b4ff9c9e8,4
ab325bee36de,2
ab3a9cde6e06,4
ab6b9ca82d90,0
ab6ef957fd8c,1
ab772a1acdbf,1
ab8205541661,3
ab9eba906025,4
abb899fcafc6,1
abcffc36ff79,3
abd0c3d9c5f6,0
abd538cb3362,1
abdaeba121f8,1
abdb858bbb81,0
abe76d6fc929,1
abf7cffb3176,2
abfcd1e7c6d0,2
ac150a3b291d,4
ac3004ea0405,0
ac3b6700f822,2
ac3d554867d0,2
ac46cbde0e0e,1
ac49b132f2fb,4
ac55dc119f5a,0
ac7371d8b321,2
ac8a1bc0fd7c,3
ac91c4c4a63e,1
ac9fa71e33c8,0
aca4d52c2f82,0
acacf54e2e13,1
acc1d221470b,2
accb3f0a6276,2
acd13733a711,4
acdc669b1e06,3
aceb84a579e9,0
acec33076f73,2
acec4f0cbd17,3
acf13f7ab5d7,0
acf8c450efb2,3
ad057569e00c,0
ad23cbda5b1c,3
ad2e47a1a1f4,4
ad3ec5a0e7c9,0
ad40119bb875,3
ad4e4f09c5f2,1
ad5c640225b4,0
ad5ff8dc5e00,0
ad6bc3c59891,4
ad6fb71d384a,2
ad8277764b0f,1
ad97fa89b0b5,0
ad98b8875f75,1
ada4737c1d3f,4
ada8a0dc8b11,4
adab64281f5e,2
adbc10bde10e,3
adbfed2da701,2
adc53823a49f,1
ade84200b83a,2
adee0c7ec155,1
ae0e6e83c6df,1
ae12c55d7e47,0
ae3a97ad1c07,3
ae3c8cba22ec,4
ae3e63d94c13,1
ae439b24ddc3,3
ae4794cc0fab,1
ae5b75e08fe8,3
ae601aa924ea,1
ae6fdbc90bf6,1
ae70fa66b983,2
ae7519c9d04c,1
ae9ae4deef75,1
ae9ecf9bbc72,4
aeb8b1d755ab,4
aec0c258907d,3
aed115d939ff,3
aed885bf91c3,0
aee6f16805c5,3
aef234262d84,1
aef7218aa071,2
af0e1211b9c6,0
af0f0c129645,3
af481c1cf248,0
af4e1dfa2f63,1
af571ffc5313,1
af673042804f,1
af7f93704ff3,0
af8e8feb4b52,4
af93e125375c,2
af986679340b,3
afbb7840bab0,4
afc2b295485b,2
afc40988867b,4
afc9c3c9aaec,3
afd34e28aba2,1
afdda33a1265,0
afe34bf97c4a,2
b00ba0933543,2
b00d45ea85f4,1
b031bc52f736,3
b032c22da2f7,1
b049465ccefb,0
b04cbb8b7815,2
b06c31c60c7e,0
b07b1a96e24c,2
b08ae0efd88e,2
b08f573ccdf4,3
b09b0258b2ae,1
b0b4d4ae4e0a,3
b0be172528e7,1
b0c72167073c,3
b0c942f7403e,4
b0d86dd860de,0
b0df85f3153e,3
b0e043232ff9,0
b0e4f3d07735,4
b0e8205dc1ca,3
b0ed9f24e855,1
b117715cbf64,0
b119ef635297,1
b121e6f58d1e,3
b12798f33ac5,1
b127e8b39bcc,4
b134a98f78d7,1
b13d71d1edde,0
b13f18dfaa08,1
b14d98b9ac8a,4
b15381a960f3,0
b1678815a5be,2
b167fbe5e1a6,0
b171d813782b,0
b172a04e7bd1,2
b185438c915c,3
b19d188bd240,0
b1a4fd2a22fd,3
b1a9bd35559d,1
b1afd60f2d1d,2
b1c31c1e103a,2
b1ca7dd14da1,1
b1dd1ed88f54,2
b1dd8130cbf3,2
b1e69eab91d4,1
b1e74e9f7555,1
b1edc75f25bd,2
b1f21c64a26c,2
b20646e12fbe,1
b206fa11bca7,3
b227864cd72e,2
b22e2537daa0,1
b23a892a29d8,2
b23bb8a0f779,3
b242d9b6f327,0
b25319f83286,3
b25c193b3b44,0
b260d2903dec,3
b2626fe919b8,0
b266d836e091,2
b27172e0b2f1,1
b27e356820f7,3
b27fe12f2fc0,1
b2800f2ce13b,2
b28ad4ebc3f5,4
b28ce384008f,2
b291fa8c6b02,4
b29bffb0d4a3,0
b2a4e8f61e3b,0
b2ad788bfc3b,0
b2b5feb9f989,4
b2b9fffd2865,2
b2bac61abbe2,4
b2e1d9261b55,1
b2ea554a013a,4
b2f9dac34d2b,4
b3034a39ab25,0
b305c5275633,0
b30c87707a75,4
b32c3695dd40,2
b35b5e223ed1,0
b36a47fb5f1f,2
b3715ae5290f,2
b372f33f1017,0
b389d4881747,2
b394cd076dc9,4
b39b524d798f,4
b3b132033127,3
b3bd261046bf,4
b3c39c1ee6c2,4
b3c5eea8f3b6,2
b3cf474bee3b,2
b3d2c3f6ba5c,3
b3deb3160a5f,2
b3e4687e4793,4
b3edf8aefb70,0
b40c57c36cbf,4
b40f174f19a6,3
b41f3ff4504e,0
b42816bae790,3
b42cb3072150,0
b4319d15ad1c,1
b437cb4c577e,0
b446d79ee8f1,0
b447179f34cf,3
b449b8c43f5c,0
b44d74635de5,3
b45b05909f01,2
b47a01dbca0f,4
b47eddfa9bcf,3
b483cc9a1fb0,1
b48e0bc5582e,0
b49952dcdb83,0
b4a42ccec888,0
b4d03504c9de,0
b4d310d30409,3
b4dc310fc95f,1
b4dcf0375a27,3
b4f16c10bd10,4
b4ffce3b60b9,1
b50ffb872dd3,4
b513d80ebe7e,4
b522753ecc9a,1
b524c80e729a,2
b54b96343f1d,4
b54bbad84888,2
b5582e7bcb41,2
b562944eb64a,0
b568a6326154,4
b569148041f7,4
b57abcba61a3,3
b58d8a8771c4,0
b5962d47cea2,4
b59f90739827,2
b5a166179242,1
b5a1a36a6a17,4
b5bc8aa87423,0
b5c9316de211,4
b5ced8a554bc,1
b5de64e83583,2
b5e30871622c,4
b5e67f04dd09,3
b5e8188b8e79,4
b5f01573743d,3
b5ff93f0314b,4
b60883354843,1
b60f2d2cc642,4
b611e772ca7e,2
b616aba4c37f,3
b61bfb1fdb36,0
b6219d540374,4
b6278022ae0b,0
b6282272490f,2
b63076e4c6e9,2
b64ca770e9de,3
b65443c55896,0
b65b351871ed,0
b65e52a96289,3
b665f2996ab9,4
b66a03d385b2,4
b66ff916214c,0
b677082ee199,4
b6790a84cee2,4
b69c11090417,1
b6a175212044,4
b6a1aa419995,3
b6ad09d871e9,4
b6ad22a7487e,4
b6b4bdf92b3f,1
b6b6ccce4a2b,3
b6d5e818679f,1
b6dd2dfbfe52,2
b6e467a93579,0
b6eab0a3cd1b,0
b6ecf28b52f8,1
b7065c7e72dd,3
b70bd267f91d,4
b70f41a05b87,0
b714907cbdc7,4
b7159866a9ad,4
b7202d32dc09,4
b72a1d6732d8,1
b7378896c37c,2
b73f2014a696,3
b744c6f3c22e,1
b74b3d2dd83d,4
b74f12b5ba5f,0
b7543bd8af0c,3
b767262e17d8,1
b770e72feae8,4
b7756ed17f51,2
b776a1192e48,1
b784b2a79c27,2
b790bca0f34c,3
b792f371d0e0,0
b7a31943f6b6,3
b7a4443ddd3e,0
b7a8295b6531,0
b7aa622b8381,3
b7ab5977dc47,2
b7b44d65e1e0,4
b7bad61f1aed,0
b7bc624cf296,3
b7c96dfb1284,1
b7d22144ac7c,2
b7f9c144c199,3
b80099ffac81,4
b80302d5de11,3
b807413abe93,0
b80f219a0a8b,4
b81cbac55d0d,2
b82dd18307b0,4
b835688d7cc6,4
b840c460b426,0
b84c4b17a655,3
b8544e55f55e,3
b85454dbd9b1,3
b85545dd720f,0
b86b6912b970,3
b8727a84ded6,0
b878791caa1a,4
b87d30f0afbd,4
b8885f1f6625,2
b88a5fb42602,3
b89d2e52d790,4
b89d40fe2918,1
b8a9bf2fa391,1
b8d8091e78cc,1
b8e15549c0f4,4
b8e8e84eaafa,3
b8f4e76bbd2f,4
b8f791857162,2
b8fafbc2ad5c,1
b904adfb37e6,0
b92eb37d3456,0
b93fcd443349,2
b949689a9ef1,0
b94e0c41bcee,3
b961251588f6,0
b972189fc63f,4
b97ba5f9676e,2
b9835e921f4a,0
b999a7493ffc,3
b99ab479998f,3
b9a4725804c9,2
b9a84edbb4d7,3
b9aa4efa289f,2
b9b701be58a3,2
b9b8a810f2d0,0
b9c1352710b4,1
b9d06459c6e4,2
b9eeafea5c41,2
b9fe266cadad,2
ba01c7ed330f,1
ba062d45f13f,3
ba07cc459be2,1
ba0d3ee90ce9,4
ba27bcbd6881,4
ba29ba23321b,3
ba2b03725d21,1
ba359fc9666f,4
ba382e0d8931,4
ba401a51fdee,2
ba463f69de41,4
ba482ec6743a,2
ba4f73c2aff2,1
ba50bfcf4757,3
ba54f0062738,4
ba5b31cb8520,2
ba641ed9827c,4
ba72d9d6b562,4
ba7e0977f38b,3
ba7e67ba6f98,0
ba8f9647f1ca,2
ba9b76091461,2
ba9d4dc44619,1
bab9f823eb40,4
babc74e64174,2
babd2d68bb87,1
badb8a6379ac,4
bae29add20cf,1
bae502afd0c2,1
bae643d12bd6,1
baf7f4d4a312,0
bafb7e87a1b9,0
bb13daafdbac,3
bb22c9af5073,2
bb251f790a9d,4
bb268ee80de6,4
bb316c570dea,2
bb3f9f4b0519,0
bb4e52abc3e7,1
bb5d71cc0b7c,3
bb64d0bf6912,0
bb676fbfcf2f,4
bb74de6c12d6,3
bb765720c618,2
bb8a2eded898,3
bb8d7ff318fd,0
bb8f28b5c369,1
bba84cc338c3,1
bbbe5dd7eaff,2
bbc14136a5cf,3
bbca377a9bed,1
bbcd0389e257,3
bbd9439c6bac,3
bbe2678852f9,3
bbebf4a7d2df,2
bbecf7f6c880,1
bbfcab526b80,0
bc086ebcfdd4,4
bc129d5dbba7,1
bc1596dfd0ec,0
bc18de2898c2,4
bc27460a2859,3
bc2b65a2e0e0,1
bc3e009078ca,4
bc3e2b05a7f1,3
bc4409bf79d2,3
bc4f1a8bd241,0
bc5169937093,1
bc5b0adc8653,0
bc5d38c88259,1
bc641c321681,1
bc717a04ec56,0
bc78728ff8a2,1
bc7b9c7f6db0,1
bc84d476388e,2
bcc7cc108014,3
bcd4b22a208f,4
bcdfafac68b7,4
bce35dd6fafd,0
bcee64e12aa2,0
bcfb73eb7ad5,3
bcfeb0f76b80,4
bd0695952ade,1
bd0783c01abc,3
bd078a3621f7,4
bd07eaf2191a,3
bd1003a23104,3
bd1f563cd973,0
bd54f3c6faa5,3
bd65f1e9450d,0
bd7354e80f27,2
bd91582f909a,0
bd9c555b3306,1
bda053990c9b,3
bda0602c708b,3
bdaa322433dc,4
bdb1576e18f7,0
bdb9c7c83922,2
bdc6b580adb7,3
bdd6949b330c,0
bdd87dcce3de,2
bddc88dfb40f,0
bde318b15e1e,1
bde751bb247f,1
bdf2bb90f74d,1
be0ebd3113b1,4
be10f1ab3655,1
be16979f2071,4
be1a7ddcc19d,1
be27e91fa4a7,2
be27ee4c4df3,3
be3713bb7bdf,4
be64cd408bf7,3
be71112b8c0e,4
be71d3607cf2,0
be7bfd0b2237,1
be7ff7307411,1
be8295a3e3f1,1
be86e0fdf9f3,3
be8966fdac91,2
be920463ac73,0
beb058ee419b,1
beb148677aba,1
beb39eada193,2
bebaafc7bfbe,2
bebea45ef7ee,1
bec6fb240456,3
bed3caae7486,4
bedd74e98d2e,0
beeb9195fe52,3
bef9268e8897,0
befd9a5119eb,3
bf0f4d0e3474,1
bf1a41bf2a35,1
bf21ae96901c,2
bf35d36cf961,0
bf3653da2444,0
bf3ba5075cab,2
bf443fd8264c,4
bf503a60ff23,1
bf529579241b,4
bf6bb812ec63,1
bf6f81be0705,3
bf6f84cba47f,3
bf718904b796,2
bf88ddc2621c,0
bf89768fd788,3
bf912917376f,1
bf94ba28a2e0,4
bf9ae4f2c898,2
bf9f49c46709,3
bfb004fb2bb7,4
bfd9d34295ba,3
bfea52f3ba2e,0
bff5c52b5fdc,2
c0101bf708f1,4
c010f88a494b,0
c016cf84b2ab,3
c01889462e54,2
c01c4998eddd,3
c0229edbdbf3,2
c0319257bdb1,2
c0527255e849,0
c05506118d89,4
c065c89e797e,0
c07c11205aab,2
c08ddce7c535,4
c08deac36ae6,1
c08f28069408,2
c0a5c404506f,1
c0b31c4ca617,3
c0b33e0e70f2,3
c0b825a70867,3
c0be57645ef7,2
c0cdfcb1dc3a,0
c0d6283aba70,0
c0e02c0cd817,1
c11804d10775,0
c13f13201af8,2
c140fcf4dbce,0
c158be090c57,1
c15c667317d8,2
c15db163ce39,0
c176c69d5939,0
c18032eb94ec,3
c18d22653598,3
c194eef4058d,0
c1a4593e3210,1
c1b4cc5a3d82,3
c1ba276f8ca1,3
c1ba4d912111,0
c1d61c52bdfd,0
c1d724ba4d21,2
c1da0e5b5e7f,4
c1df24ed831a,3
c1e64803761d,0
c1ecb74c1260,0
c1f2fb51a794,4
c2168febb64d,4
c21b75627e3b,3
c22387a717a0,3
c229eccad476,3
c22a8be2bba4,0
c22d3ee72d3f,2
c23033b658e0,2
c2317b1e87a8,1
c23478b39058,0
c2349438eb7d,4
c23f590fff4f,2
c24d4d4534d4,0
c24d9ce8858f,3
c25107e62d1e,4
c251f8956347,2
c256d52076a4,4
c25d9133b16e,4
c26bc0272129,4
c27577f295b8,3
c27f7fb9e1db,1
c29970048923,4
c2adb9afbb5f,4
c2c53475d6c8,1
c2d117c7b9fc,4
c2f0b61fa035,1
c2f15c46828d,2
c2f87da261ed,0
c3009b38115d,4
c3104be06049,0
c3107aac6a7d,4
c3200a1427a8,2
c32b58cf3fcf,2
c33551d1160d,1
c336b6ddd31e,0
c346c7718800,1
c34c3d0cb965,0
c35596515b04,0
c36730438f84,3
c36802596bf8,2
c36cde17cd04,4
c36fc16ffb95,3
c378ed31249d,4
c3835f6d361a,3
c38afaf25923,2
c39d68397d84,1
c3a48893191e,1
c3b236f3b68d,1
c3b54c0f1f3a,3
c3c51d97acf5,0
c3c8292e31e4,2
c3cd6826fd20,0
c3cedc9aabd2,3
c3d5876a73a1,4
c3da9334b162,2
c3f453d9e744,3
c40ab2057c7f,3
c410870ee506,3
c410b79afd8e,4
c41c937123f7,2
c4201775db63,0
c4272626019e,2
c42bf9c1becb,0
c4328d32e545,1
c445c6365449,2
c45123ecdd71,4
c45d664b2d3b,4
c471f279da8d,4
c4749d8f848a,3
c474e013e0af,4
c4870e289de7,2
c48aac4f37c3,1
c49d0be32a21,4
c4a1e07b68b8,0
c4ac6f824edf,1
c4b86ed06eba,2
c4bc22f2003f,0
c4bf43fc8fe2,2
c4c50ab45ec0,2
c4c9da010bb7,2
c4d84d5f4fdf,1
c4dceddea945,3
c4de7c5901ce,4
c4ded198c3f1,2
c4ec48bb8a70,0
c4fab7c2a354,1
c50020785833,0
c50278df84d0,3
c508e7ff4063,2
c50ade6786c1,3
c51701835609,2
c52f27b9bff5,4
c539ad81cc2b,1
c544a46adac8,0
c55216589fef,0
c553748e7049,1
c55dcf172e5b,4
c5634cea013f,0
c567ec7748b3,3
c56bbac149cc,1
c57c345cc6a1,4
c58d3494fd01,2
c58f890db01a,3
c5a5dd5ecc62,2
c5ae5513399f,3
c5af2a9953f1,3
c5bed0d55643,2
c5c7c1b15da4,1
c5d96f929646,2
c5de8eb728f7,1
c5f847a87bd2,1
c5fe36aa9757,2
c612fea06981,1
c61ce24f4011,4
c631e5f031a9,2
c63c77cebf53,0
c640c29623c8,4
c640e58f2c3e,2
c64a6fceed0e,4
c64f37e2ef20,0
c6583ca18178,1
c65a84ca019d,4
c65ed6750934,4
c6621edbc480,3
c662e2746cbf,2
c671c042f2c2,3
c67a9e39ade5,2
c69bf860eb88,1
c6a376032cfd,4
c6a5e29975eb,3
c6ab9c7ba459,0
c6af19161721,2
c6b1e11a8f4e,4
c6c5e04f3a24,1
c6d8c8e90ab4,0
c6db7683f622,1
c6deeff2bd56,4
c6e15cb1f2a8,0
c6e1b0f07d2b,2
c6e9ee8fbf4e,2
c6ed4ed3f93c,4
c6f036281ae4,1
c6f8052c3084,0
c6fd58768e03,0
c70369caef91,2
c712a4ef7476,1
c71c8eb2df69,4
c7291b008baf,4
c732dd163d0d,2
c73ff36eb002,2
c7426be07170,0
c74b100b835f,3
c74ee3da0583,2
c74f9b3910a5,1
c75957219940,1
c76676090cdc,3
c766fc255651,0
c76b8d3f1402,3
c77364a32ea4,2
c7781bc9cbc7,0
c77ad8c72093,2
c78431df8576,1
c784b6dfdf63,3
c79e944eb6ae,4
c7be24e7b7c0,3
c7c00de9cb9f,1
c7c53a0fcccc,3
c7cb4bb07b69,3
c7d21e91ecb8,4
c7d9660daaa5,3
c7da9786faff,2
c7e9092567b9,0
c7f9cb4677dd,1
c7ff315a07d2,4
c804cb63b917,3
c805bfb98923,4
c806bfda328f,2
c806e55aadeb,2
c8113e6ba961,0
c85b74b2f14d,4
c860f58d8e70,1
c87797d3e4a4,2
c8787f51904f,0
c878e9f77705,1
c87a812df3e3,1
c87fc2d62863,0
c889f01b32c4,0
c8939c198758,0
c8970add821a,0
c8a262f4d593,2
c8b578ee523f,1
c8d0b3531ba0,2
c8d8bdcc5ca6,3
c8de4d9c339c,2
c8e30f650ea7,3
c8ec0362eb1d,2
c8ece2a8d2b4,4
c8fba581da8b,2
c9171bcfd1f9,1
c9197421b36a,0
c922f744785f,2
c925ca312688,2
c92965e46fe3,1
c9377445d2c5,0
c942b7beb3c8,2
c94877c70601,0
c94e9f51c8bf,3
c963416e4f73,3
c9684f69b06c,3
c97d2c7b66e8,3
c9a187b33acc,0
c9b48db00217,2
c9bf4ff8d7e8,4
c9cbca627e30,3
c9d1979eae31,1
c9dfce6a3b7f,1
c9e4975d5ae8,1
c9fb827e89a4,4
c9ffe6312921,4
ca0faad019c5,0
ca12997e60a4,2
ca161dc3fc3f,4
ca1c191b5af2,2
ca306996a98d,2
ca37589b5766,4
ca436c68f046,1
ca4ae1f8356a,1
ca4bd49ea348,0
ca54d15e5311,2
ca924360a2ec,2
ca9a5e9b9961,2
caa1a1861fab,0
caae1729c701,1
cab686c551eb,4
cac4d4c92312,0
cac903938518,0
cacc8f5f2c2e,4
cad148eadb25,1
cad19e55e9f8,0
caddddc54d47,0
cb03bff9dfc6,0
cb04434a6c7e,4
cb04fc09221b,4
cb0d6854e691,3
cb1e730745aa,4
cb2949b1aa32,2
cb4d8159a8bf,2
cb542a3e1086,0
cb6618d86e34,3
cb6673ee6433,2
cb8d01dc0d0b,2
cb9e68a7ddc6,1
cba1253c6b09,3
cba6e524747c,3
cba7dd0a06d2,4
cbaee64f9d29,2
cbb7b764ca87,2
cbbc6e5e7141,1
cbc5b788ab7d,1
cbcc9c2bfaa3,1
cbe28b52b282,3
cbe5d39a75bd,1
cbf3b338fae0,0
cc127cda72f8,0
cc214df24ffd,4
cc2ec61e3cce,2
cc4d29e2b176,1
cc4e5235357b,0
cc4f74e87040,0
cc5dac252ddf,0
cc5ff5b6356f,4
cc7cafd867f1,3
cc7fff1668bc,4
ccb2bb7d0986,1
ccb8df9dddce,2
ccd2dee9eaf9,2
cceb9796da02,1
ccf4402a880e,2
ccfff1b2ca61,0
cd009edaae20,2
cd082bbb2799,2
cd184a74c205,3
cd22baf7bb69,0
cd26a806db43,1
cd31be2c08a8,3
cd3829a517ea,4
cd3f1572832b,1
cd430a024263,4
cd4526f0c63a,4
cd50cfa54f6d,3
cd5dd5e6f3f5,2
cd6d6e960d3d,3
cd7b8745e046,2
cd8dc0c789ae,1
cd97a120b1e0,3
cd9eb8ab35bb,2
cda5e1b301f0,2
cda63d7fef2c,3
cdbd8e529c4f,0
cdbe08f51795,3
cdd15519ddb1,2
cdd75add0930,3
cdda51ee9f0f,0
cde0ab9526da,3
cdea7e206121,4
ce01ddac68ce,0
ce193df4c0fa,2
ce1bc101c635,4
ce20472bb087,4
ce2295d3b39e,0
ce2cb41ebc7c,0
ce33c16a49fc,2
ce55217f14e9,4
ce5c24b1bb3a,2
ce61060be9c9,3
ce63acbfe9b9,0
ce65f4a0c584,3
ce67c56d3bf0,3
ce7450de80f5,1
ce9c6941be72,3
ce9fab84f90b,4
ceab7a50d7fa,1
ceb622d6d291,1
ceb994683b51,1
cec0cef8568d,3
cec6e9fb134a,0
cec70a25ea45,4
cef54b9f9536,2
cf002a39bb2d,4
cf03351eb58e,3
cf14bc7095a1,3
cf1a94eeef5d,3
cf1a9a75cff1,3
cf201551aaec,3
cf2bccfe763c,2
cf2eb7ad3004,2
cf6018adf8b8,0
cf62b87ad83f,4
cf6b1f181849,4
cf70a03d178c,0
cf7676dce2ad,2
cf7914085784,3
cf7ca67c9c68,1
cf7d48ef27a2,2
cf89efb74c74,2
cf8bd93493f0,3
cfa126dc4fe9,0
cfba05e7880c,1
cfc48a3e03b9,4
cfc8a4c873ea,0
cfccf6cf66a1,2
cff920a92b58,2
d00803e34bd5,0
d00ba06748c5,0
d00f5621947f,2
d02dc4dbc13a,0
d02f7a78a972,0
d030fc74ae1a,0
d036460bb847,4
d03988d6ee6a,2
d0696b014aca,0
d07ea6d8fcd8,3
d07f235fa353,2
d0906bce2ac6,2
d0bdcd1a721d,4
d0e43623f62e,4
d0e855bbced0,2
d0ed8a552c10,1
d0fb37d9aeb8,4
d0fdb5a98cb9,1
d0ffd118611e,0
d0ffd8ac78ea,3
d104cfbe1544,0
d120a0459e17,4
d129ac8188d6,3
d12e087e9621,3
d13424245af7,1
d14080fd6f2a,0
d14a2b12e580,3
d16a188feaf1,4
d172b5d65314,3
d17a6c6eccdb,3
d18ee0cc36c9,4
d191addc1610,2
d195eac8f7c5,4
d19d0011c3cd,2
d1b3ad13fb12,4
d1b3fa229418,3
d1b8da8b457b,2
d1c8ceed5f67,1
d1d5510f37cd,3
d1df45f6463e,4
d1e8cfaae748,0
d1e9e0136254,1
d1f080b7cba8,2
d2052a4c69f7,3
d21c4a44ca5d,4
d220d8aa68c4,1
d22cb5396003,3
d2381fceb7ba,2
d25eb664a30b,1
d261ac4d6627,0
d274f8bf60e5,2
d27919d385f8,2
d290c990efc9,1
d29124676611,4
d29dcb216021,0
d2a68aa4dd49,0
d2be5fe90e29,3
d2c013dd8ce4,0
d2c1d0cb3f1b,4
d2cc49d90758,4
d2cf237688a4,4
d2d2c00ec212,2
d2d3cdb4272e,3
d2ddeca64f16,0
d2f74c94238a,4
d30474806223,4
d310c1e8d212,4
d3253e0cdc4b,1
d32d755c49d7,2
d33d1bebf066,0
d34ad0ebb757,4
d3539d3b0022,3
d35441c203d8,0
d35ec785b6d9,1
d36aa5a1b5ac,2
d36dea12224c,1
d3746284b4db,1
d3751dde942a,4
d380c0640d52,1
d390bbdb6eae,1
d393eb921fce,3
d3a27b41cfcd,3
d3a94080741c,0
d3b32d6522e6,4
d3c58aec7ef5,1
d3cf46c2aa95,1
d3d092d9884a,2
d3d711842329,2
d3da34d7982c,2
d3e83031ebea,2
d40a26be9a1f,0
d40b3798bbaf,4
d41577cf0009,2
d419cd169212,3
d41cace53f70,2
d422862db292,2
d42be282a595,2
d4335c32ac91,3
d435148e61a4,3
d435f55c6879,1
d45764216b95,1
d45793c3466b,3
d46dc030a427,3
d4891fb41daf,2
d493a19fdc27,0
d49e6327fe15,2
d4a13c7d0be6,1
d4ab797396b4,0
d4ba14d5248e,1
d4cad0ca79a4,2
d4d230450196,3
d4d4ad4ecf8a,0
d4e34301adad,4
d4fd13f5456d,1
d4fe511721c0,0
d50c91728f09,3
d51b5cef170b,1
d522ef41a34e,4
d52a34a2589e,3
d52d402b2246,2
d52f1544921e,4
d53147ecb090,0
d54473917e53,2
d55d019b0687,3
d56292884e0e,0
d569759613ad,3
d57d1c13a875,3
d5b987cc8efd,2
d5bb57326bd2,2
d5c12a5ebb06,2
d5c20d6a24bc,0
d5dd9cdb375a,0
d5e940685d00,4
d5f194b6bff4,0
d601d93c351c,1
d602b556cb9d,2
d603bdeca20e,1
d604aae86dd4,2
d61e065cdab0,3
d6338ff2cfd8,4
d64f793908fa,0
d65c634447c4,2
d662a384288c,4
d668a99691f6,1
d66df386831f,4
d670149083bf,3
d68217d20b03,4
d6a591a5b3fc,0
d6a6bdffccf1,0
d6ce804409dd,2
d6d45608c97a,2
d6fe234594ab,2
d70105c6fe3e,0
d70a1e0863fc,1
d715b966355d,1
d72d10b54d44,2
d745f58d5aff,0
d748c31b4063,3
d74b6ea0d497,4
d74c849b795b,1
d74dcd7ef5ff,1
d7561eaf0b7d,1
d757af907e33,2
d771211c7c97,1
d7775f0cace2,4
d7942d6c2d17,0
d79d38bcd191,4
d7ab3582e476,4
d7c0a0524f8f,3
d7c21278a0ae,1
d7c37316355d,4
d7c6e17080cf,2
d7c81bbc92aa,0
d7cbe5e26ec0,4
d7cd1349ab41,1
d7dcd6e0f47a,2
d7e7c43dcb97,1
d7ef8f508b5a,0
d7f43d6f034b,0
d7f739cf4bb1,1
d7f85b6dc2ea,4
d7faada10efb,2
d7ffb2752706,0
d809db32456b,2
d81666456423,4
d82241b7d468,3
d82f8ac5c3aa,0
d834dd0bb45b,0
d83df000b7a6,4
d8476a95f6c5,3
d8540a1856e2,2
d85acc1d0bb8,3
d8699872c8bf,0
d86be7c7defa,0
d89b45121c84,0
d89e6a53c322,2
d8a361473402,2
d8a982947210,1
d8af57a024ed,3
d8b2815cc382,4
d8ba78ed0420,1
d8c69cd001b1,2
d8d5a42411d1,3
d8e18f22e6a6,4
d8e2a27237c2,3
d8e2fa906f30,0
d8f2c08dd86a,0
d8f567817b2d,0
d8f6fee0e95e,1
d8fa04c1d853,3
d8fbcfc37ef6,1
d8fd9bb19828,1
d90748e85b6b,1
d928ebcc2528,2
d93242ee3944,2
d932662b13ea,0
d9539ac29614,4
d95d173b60c4,3
d96d66c8f1a0,1
d97364c9384a,0
d97dffd12359,0
d9869f667b54,4
d9956a1f9320,0
d996de7dbaf3,3
d9a638d70bce,4
d9a899cb5686,1
d9c139995f71,2
d9c245fb1e90,3
d9c3624b9ca6,2
d9ccda507d0d,4
d9ed94436325,0
da0412fab70b,0
da08e385dcb7,2
da0d817b69fe,0
da286c1597b0,0
da30dbd6033a,0
da418ab5c65a,1
da45c7393783,4
da507be5f7be,1
da535a527858,2
da5783a467ea,1
da63a5ea2b12,0
da879ffcc1f9,3
da8f3c459ad1,2
da9b63d2f697,0
daa2aba8e7b0,3
daacf4460a62,4
dacea3ad99e0,1
dad2c0ee2607,0
dad30bc7ff47,4
dadc2e3842e5,3
db06909d6c78,4
db14e640e037,3
db1bb68655fc,0
db29f6ed9d3a,4
db2c984ad877,0
db33e376f3ef,3
db406f865d2c,3
db473268e678,3
db48ecc61b3d,1
db4d0ddc1235,0
db5be2895a72,0
db70f01df58b,3
db7bacaad1ca,4
db7e1c572d15,2
db8cedff9337,1
db8d0318b5af,2
db8d31baa642,2
db9298d9ded8,4
db97eeddf9ef,3
db9f9c62dc00,0
dba658c69988,0
dba690393e1b,1
dbb6d75304ef,3
dbd685b67f18,3
dbea96e9380e,4
dbf005c67f42,1
dbf24d77289c,2
dbfb54d68d5c,1
dc074c261a90,3
dc0fed8c8737,4
dc2115b5198d,0
dc290fedef27,1
dc2b14b11aaf,1
dc3c2c613d0c,1
dc5ad30410e4,4
dc5e5ab68387,0
dc632437d7c9,4
dc6ce7c92fe6,3
dc7ddcf65b4c,0
dc8dd6a3ae7d,4
dca6c57b7ec9,4
dcaa76ec8d44,2
dcb3c09636ef,2
dcc6632b56b4,3
dcd5cc87f977,3
dcd9d77c6ac6,4
dcea6c3e62bb,2
dcfa7752bde9,3
dd08a4d54544,3
dd148f46bf1d,1
dd31f8f3d087,3
dd39287d4cdf,4
dd47f215e92a,4
dd4ce54aef62,4
dd50b4d48244,0
dd55cdedbede,2
dd5ef45dde4b,4
dd60b8bfb2d2,1
dd6dd433ca8c,0
dd7ae61dc7e5,4
dd7aeb805eef,2
dd8b8a5c9307,2
dda0d73e068c,4
dda1563c0620,2
dda68db29fdd,0
dda7e9290f64,1
ddb8e432479a,3
ddbe636ad06c,3
ddc659c2e59c,2
ddc87971f87e,2
ddd30a3355ab,0
dddc5467ff7a,4
ddf3fe7c08d2,0
ddf50c05459b,4
de049a3614fc,3
de1f16eadd95,1
de2d1a60c2af,2
de333ed072c8,1
de33d3a51e83,3
de44f6af8b10,1
de45f6ea152e,1
de4ad8d40fdf,1
de4e4acfa7ea,3
de53947e43b9,1
de76a012b637,2
de7934b835ca,0
de81caee7374,2
de975d080334,2
dea5608c3e0a,4
deca3972c352,0
decc8130c6bf,1
ded38a5051da,1
ded489f168bc,3
deee69329e9b,0
def37f7cd713,0
df07c0223107,2
df1750048937,3
df21842cfe5e,4
df37fe53632e,0
df453764e19c,0
df45b695ea21,4
df4722bbd29a,3
df4a3d3d27ba,4
df68e31da347,0
df6b420aaa31,0
df6b45073c39,4
df74415b31d9,4
df89af5f42ef,4
df89f8a12033,4
df8a4edfd64a,1
df924511c439,2
df9a5d944d3e,0
dfb6127e91ca,4
dfbe54ad1d85,4
dfc0decef09f,2
dfd673001c50,3
dfd9fdd85a3e,4
dfdf3913f6eb,0
dfe556626958,3
dffe7deb873f,0
e00eb01eab38,1
e02bbb13a371,4
e02f99a44c18,3
e033c4a5100b,4
e03476810a2d,1
e03fb79d272e,2
e057d156dc1b,0
e07aaf945c40,3
e07b4073b58e,2
e092291d0802,3
e0944b64b80c,0
e094984999c2,2
e0b5009d6492,1
e0d90a4de0c6,4
e0ec9d5120a5,4
e0ee01a012f0,2
e105b07fb9a8,4
e10ad2e7182d,4
e10ae9dd5000,4
e11d6e9affa1,4
e126d9d23457,4
e12de19718d2,1
e13400ee01a1,2
e13e117a8d82,3
e13f252bf83c,4
e144ecd69c0d,1
e156dd640b9c,1
e15b98946bf7,2
e164f3b294e9,3
e171596e4b75,4
e17921c991eb,1
e17a546bc355,1
e18155c4762b,4
e19121eb93f0,3
e19849e1c8ae,2
e1a37ecaabfe,1
e1c1ad4b1e61,3
e1c473641416,1
e1f5682712bd,4
e20a1e0b539e,2
e21989eb3b6c,3
e244ddadc4e6,2
e24e639f39a9,0
e25f6e723ded,1
e27dbf267565,2
e28208b7c58e,4
e2822dd69c4b,4
e284cafd4bdb,1
e28655aad4a9,1
e29617323fef,2
e2998bb6695c,1
e2a9723236ca,4
e2adde6885e0,4
e2afeb565737,4
e2c18c715bb7,2
e2cbe011b94d,0
e2d20a5c9d8f,4
e2d38e9bf5e4,0
e2e852552b7f,2
e2ed430a8646,2
e2fcaa885ce5,1
e300a4e86207,2
e3209b62ec59,0
e32e5c4bb5c2,2
e34c6533b5d2,4
e3508efe3bb8,4
e3628650afa3,0
e368da456e3c,0
e36dac4d5aca,0
e37291d60bf5,2
e389cb066bd8,3
e38bf848a4b2,4
e395615a9a0d,0
e39daf2d9636,4
e39f4a252cb5,4
e3a350da2859,1
e3a355a01aac,3
e3a68b6c54b5,1
e3a9b892e7c1,1
e3ae8e6b19bd,1
e3b546093b7c,0
e3e0b34968ad,3
e3efcee5464d,1
e416f944cb42,4
e427306ddc9a,0
e43ad5b5e137,3
e43c10ce7933,2
e44b34582ead,3
e44d13263cba,1
e44d1faedace,0
e45231baa93f,0
e462b50ef489,0
e4645a71f19b,3
e479851df410,1
e487f7e3b6a5,1
e48cc454acd6,2
e48f5bb05a15,2
e49338eaae4d,3
e4a4248cf6fc,4
e4a6e7346156,0
e4aa7df34266,0
e4b2c5f23e08,4
e4b50e7402c3,3
e4d2811fe284,0
e4d47cc836a1,3
e4dfbdf45a9b,0
e4e62d4e8849,0
e4f280b01af5,3
e4f441fea405,2
e4fd12eef363,3
e5053384a8be,0
e509fde57a70,4
e50d56f75dc9,0
e51850dddb1d,3
e51b2fc7f149,4
e51c3f2307f8,1
e52bdc15086a,0
e53355bac9ce,1
e550c0ee9fc4,2
e562c9ac6268,3
e56e71389ba2,0
e577f12fbe4d,2
e578212ad3a6,2
e58718f4aa74,0
e598f9bfe550,2
e59ac8552f60,4
e5a7aeedd323,0
e5e19b32a270,4
e5e2dbcbd9d2,2
e5f1860bc360,2
e5f97fa3f2d0,4
e5ffc5baa978,3
e6069f2cab57,4
e60a0bcf8160,3
e61140a68866,2
e615b95130a4,3
e619787c1a07,1
e63929e6add1,0
e63cd8a6d04d,3
e63e246debfd,0
e6505c104184,1
e65207f12ea2,0
e65ece5190bc,0
e67619d00b58,2
e6822cd9cd0b,3
e68608c5886d,3
e687b28d3864,1
e6961147acfd,0
e696904df3be,3
e699535e65da,3
e6ade0ee672e,2
e6b17f92eac9,2
e6c1062e3d34,0
e6dd6efb3de0,4
e6de6fbdcd67,1
e6dee26bd12c,3
e6e361d6a84e,3
e6e404e7db47,1
e6e920ea0609,0
e6ee4827951b,3
e6f3ba0b25c5,4
e6f748dd52bf,3
e7023f74bd6d,1
e705df6bf622,1
e7108595fb09,1
e713de5fa2f1,0
e714c61cedb5,1
e719973c92fb,2
e721b74641bd,4
e72c3641aff5,1
e737a74a9830,0
e740a2577d7c,1
e750ed589351,3
e751ae5d2da4,0
e752b12382d1,2
e764f1cb364c,2
e7652a255494,1
e770c3c0df1a,2
e773dcdd7200,3
e77b9191a19b,4
e78731870e9a,3
e798540bbd79,1
e798c7da0eac,4
e7991479fcde,2
e79c119e4b53,1
e7b519c4b318,1
e7bc5f198df7,4
e7c4f060e6d4,2
e7c75b329ac7,3
e7d7d4212f4d,2
e805aa5e9f9d,0
e80a00183db9,3
e81975072f7a,1
e819b40ded3a,1
e82dabeb2c01,2
e82e8c609e01,3
e830bd4572bc,4
e832781629fd,0
e83599857d12,4
e867ef0d690a,4
e868a5e0ef2d,4
e86da5ced3d9,2
e8738bc58dca,4
e8752745d466,3
e87937446df8,4
e87a9de37972,0
e87c1dfe1c1f,4
e88557d8a0cc,1
e8956cd9117c,2
e8ad62a8f5d4,0
e8b4637a1396,3
e8c39fbf94ea,2
e8c51d752dc3,0
e8ca5a4146ab,2
e8cd174b1e73,0
e8cdd5d7becb,0
e8da31ab0da5,4
e909ea79d4aa,0
e90d4db7ddd4,0
e90dd06ea8a1,2
e9268097a0d1,4
e92f9170e242,0
e93a46774f00,0
e93b8361bfd0,0
e93f8509541c,3
e94ccb56b277,0
e96f12697ca3,2
e970643a7310,3
e97d25d7e522,0
e97d79485202,2
e9875afe7532,1
e9ae8b770478,1
e9ce880f2202,2
e9d5e9c6fd14,4
e9ede9640810,2
e9f977bc280f,1
ea095c5991c3,3
ea1b70752c62,4
ea1bf78bc0ee,3
ea237cebcc0d,1
ea2d09b4a59f,2
ea30231175be,2
ea3aaa187640,3
ea44061da219,2
ea4e755480da,0
ea5d6356d21d,3
ea71dbbcf2ab,1
ea77b94ea210,2
ea8d3bdb207f,2
eaac01660339,0
eab43c22f6e3,4
eadbd008393b,2
eae003afb999,1
eaf7e92ddbd6,1
eb17643599fd,0
eb1e40c40c88,2
eb25647982fe,1
eb28eda6261a,0
eb30f3452fc6,4
eb3e488b900d,2
eb3f608c965d,4
eb41a8fdece4,4
eb4f7a7c46c7,1
eb5090e6fdc2,3
eb6c62925d9c,4
eb76ebad1c23,1
eb8b05df8563,1
eb9dc561833d,3
eba05ee2d7da,0
ebb0b75bd4de,1
ebbd78acb0e0,2
ebc4cd9e41d5,2
ebd126be46e8,0
ebeef5106bdb,1
ebf4d14f8094,0
ec11b230a48e,1
ec14ca35f6d8,2
ec2491ff28f2,4
ec43b49013d3,0
ec459b9efc52,1
ec466227e594,3
ec60a9077385,1
ec614c61cdc1,2
ec69b2c23b7a,0
ec6e91420f3a,4
ec732355f3f1,4
ec7686c519bf,4
ec969fa94baa,3
ec99ea1e7890,2
ecb369802701,2
ecb8f4c2606c,4
ecbdb9821385,1
ecc8f5b0842b,0
eccebc4009a0,0
ecd0dea97eef,2
ecd883ed5c12,4
ecdfc29912ee,2
ecf019f00e3d,3
ed0825c7df20,4
ed3b58539066,1
ed49428432a7,4
ed513f058147,2
ed5c290105e0,0
ed5d94f5100d,3
ed6218993ed0,4
ed74ae8a5fd2,2
ed7af0f6cc7f,3
ed7cc735db6c,1
ed849e809c1c,0
ed855d09ffd4,4
ed8cc5fd07f1,2
ed9792ecb546,0
ed9def80f463,1
ed9fc7d10eba,3
eda00b808607,0
edaf69ec10f6,3
edb5e43491c4,3
edb7232a2fab,0
edcd962d41ef,1
edd21ee3c460,4
ede7ec4aeea7,0
edeb9688bff3,2
edff2028722a,4
ee18a08e02d1,0
ee22d804e868,1
ee4155767b5f,2
ee4440d41ee6,1
ee5291818b77,1
ee59b3ab54f1,3
ee5af3809557,3
ee5ea1ff9f13,4
ee5f0438b183,0
ee65eee3a327,1
ee783fcfed40,4
ee8920d4faeb,2
ee8c14899dfa,1
ee8cf2f50c90,2
ee946ca9c50d,0
ee980e0dc7d1,2
eea9ab1e6c53,4
eeab05ccb1a5,3
eebaa7b747e2,0
eec887520172,3
eed043f0a603,2
eed14e2db88a,1
eed9b6596e6d,1
eee88e3f416d,2
eeecfd50b220,2
eef237fc67b9,0
eef6300c5540,3
ef2903498dc5,4
ef303ca23c79,4
ef3e7ae6e700,4
ef45370d19a4,3
ef45c1184249,4
ef5d9d72d05b,1
ef6713d49378,4
ef7ce3ae39ac,4
ef8fedf0d644,2
ef90d5cec0ec,3
ef984f6fa70c,3
efb9bc675820,0
efd4278840ce,2
efefa03de088,2
eff72b9f6efe,0
effcdb73627e,2
efff0a2821eb,0
f00a7f15f367,1
f00ed1bca2c4,2
f0156675755a,2
f01b33e3ce9d,4
f025d675b893,2
f028f4a45ccd,1
f03775859209,3
f03cec43a0c6,0
f0441aaec791,1
f04ff90a3dd9,3
f0512f3b3a6e,0
f05fc3dd7653,2
f0637f0d7719,4
f0644c47ebfc,3
f07ec852f8c2,4
f08ec6272e48,1
f092d53e0083,3
f0a6b49a3ad1,1
f0a6dc99b78a,1
f0a7a52f661c,2
f0b673ef64e1,1
f0bee4584261,4
f0bfb67c18bc,4
f0c392e356aa,3
f0c4dc3b247c,1
f0c5e85b5e86,4
f0dfde16feec,1
f0e023959894,4
f0e40c184d36,3
f0e99a9fd724,4
f0f8ccd8b0a0,3
f1043ac7271b,2
f1063f4acf08,0
f108d58e9f51,2
f1096fe9fd74,0
f109811743c5,1
f10d919f319b,3
f11ab7648eb2,1
f1236049dc34,4
f134eb1b9f3e,1
f13c5fb56a73,1
f14cc84c4e69,3
f154086bd7b9,0
f15583c5d579,2
f15cf4fdbbfb,0
f165b4c4c8f9,3
f17037e3c5a5,1
f171762263b3,1
f1734dee9c55,2
f17665afc4c2,0
f1788303c669,4
f17f7d44b959,1
f18fc8dcef6d,0
f1a16c95082b,4
f1a643119e8d,2
f1ab0d2dcd7b,4
f1bf16aa4bb7,3
f1d8d7ca8477,1
f1f663bb5ba6,2
f1fe317fb379,2
f20576257dc2,4
f206c90d6bf9,0
f20d2ff64006,0
f20ea4a7e55d,2
f21f4dd7e3b5,3
f2241ca2d0ff,3
f22c7457cef3,3
f24671b314db,3
f254d359e0ef,4
f26c50ef1bd0,1
f29d4d4eb110,2
f2a899251da3,2
f2a9e6e67eda,4
f2b77c3c70c5,3
f2bf2f65fe68,3
f2d30ac37f7b,4
f2d5dd65d7d2,1
f2d890d8bea3,0
f2e430c3888c,4
f2e5da098e85,1
f2ee15af6c4d,2
f317383c5831,2
f32c2b029aca,4
f32dd337bd1a,2
f333eadeca7f,0
f338a2ae96bb,4
f36b9bbd21ed,4
f36bc38a2660,3
f36ed95de256,2
f371fa5e17ee,2
f375191afe2d,0
f37b61c25b36,2
f383a0b4d02a,1
f3927dfb62a5,4
f3968991ea72,2
f39f4119d62b,1
f3a123432445,2
f3a8abfb7d5a,0
f3a9bde37ea8,1
f3c36d0f9736,1
f3cab48d1e7c,1
f3d1eeb66284,0
f3df81aafa5b,0
f3eb906bdb01,2
f400c9a139bb,0
f40b5a31d1f4,3
f40f145b6d3a,4
f41cd477af21,2
f41d7c33e0fb,3
f42ff739afee,2
f43480fc62cf,1
f44b14970f3a,3
f45612bd7e0b,1
f457ac57e4f6,1
f46cb3c9593d,1
f472abdca5e0,2
f4833c3311e2,0
f49511663558,0
f49a276f76f2,3
f4a638dc3304,0
f4b2c6d0edca,0
f4be1e2350a2,3
f4c4177e4ca9,1
f4d7fcaa12a0,3
f4d945c3ccd7,3
f4e21bf210a3,1
f4ead5d70ba6,0
f4ef01a6e0f1,0
f4f08a1bbea9,2
f4f46fb7a346,2
f4f5bbdf7a00,0
f518654dc20e,3
f5239c4023a0,0
f5293dfeedda,0
f54734c3df30,3
f556a329c873,4
f55866b3c793,3
f5658ffaf0d3,2
f56638b54fa1,2
f57e0c92aa87,4
f58cb6670e91,2
f5a635890da2,0
f5a76ea09507,1
f5b4675f5f11,4
f5babfb67083,3
f5bc6b85d2b1,4
f5c6fe88e0c4,2
f5c94b5db0cd,1
f5cd2d815be9,3
f5d1abcf5693,4
f5d2f5175421,1
f5f8f43fece0,1
f5fd72a88ab9,0
f604af7af626,1
f6286092ca27,0
f62d1a0df3c2,3
f62e2ef04aee,3
f632b46fa980,2
f64c3d12ddd7,1
f65a185b5aaa,1
f65b67d0fae5,1
f674b3cf60f7,3
f689f3fba17a,4
f6c14c65ff4f,2
f6c80f2e8d91,0
f6e480fe97af,1
f6ea0674baa8,4
f6ee6d94f030,0
f6ffe212deeb,2
f7087535a63a,3
f73ff8c2182d,0
f744da386f96,1
f747a0ab20b3,0
f74f0c0db300,1
f75774536369,1
f76c899a8e19,1
f779ee1077cb,1
f7859a6e1ae1,2
f7974b5d939e,3
f7a24c01093c,2
f7ae051fa2f4,0
f7b664c64cb3,1
f7baa94b8333,4
f7bef9f1161a,4
f7c01c47e966,2
f7d8873478ac,2
f7e60ddc0f80,2
f80048310b29,3
f8038bf5a049,3
f807cd855d31,2
f80bc96be841,0
f83b4b1d4a28,2
f83e25510eb9,3
f83e9b4ac488,3
f8483372c4ff,0
f84e46c75e24,0
f8567c73e039,2
f85e11da3a46,4
f865b83af346,2
f86b1c64bf80,0
f871e115903e,4
f87baaa34bec,2
f88994c368d4,2
f8a3d75d02bc,4
f8aea676f0a6,2
f8bdffa59cc1,3
f8c006d79bd7,0
f8c0c4c6a036,4
f8c0c6d203ad,0
f8c4ab58e090,0
f8d8e382f2e6,3
f91af3605e48,0
f922ad35b0fc,1
f938e8a612a8,0
f947db14b9ee,0
f95e25cb4206,2
f964e5d4a8ea,0
f975ce4319f4,4
f98073cda3e1,1
f98438a1cf12,0
f9883095da5d,4
f99cfe0bbe0c,3
f9ad24c6c692,0
f9ae4b6ea638,2
f9b47fe9bcb5,1
f9b6922fda66,4
f9cc68d54cb4,2
f9d95dc20962,0
f9e4fc65f2ea,2
f9f022de357f,0
f9fb22b532d6,1
fa146053ba25,4
fa1c23bc4d54,0
fa27a6b3551a,4
fa2e157f2acc,0
fa41c6bf6cd3,0
fa57c8fc7906,0
fa58b6e83e6c,3
fa6d3b56e333,3
fa749cb9895e,2
fa79b1765773,3
fa8a5228f38b,0
fa8e92ee028e,3
fa9766f49a25,0
fa9ea207e240,4
faa6a62e025c,3
faaf89353e32,1
fab641b3ce7c,1
fabeecea5a9f,4
fabf4198357c,2
fadecb25202a,3
fae06a05819a,2
fae99afb074d,3
fb18563e2a98,4
fb24a702b87b,2
fb255b926b51,4
fb2654cffc9e,2
fb4399c644e0,4
fb47f989bbcb,1
fb4ddcf7f9d6,3
fb5044f382e3,4
fb5a3285aaa8,2
fb5cab52ee31,2
fb63912b1f85,1
fb6a47691101,3
fb6b862b6145,0
fb7b50cfe86f,1
fb8430889b41,2
fb8c469d8dfa,2
fb913c5f28a1,4
fba292caa45e,1
fbcb95b52844,1
fbd455553776,3
fbe9974ec5b3,2
fbf0289c2fde,0
fc01bbfefaee,4
fc1a3a2c2e77,3
fc3caa4d9eec,3
fc3cffe11b17,4
fc42a9c84eb5,1
fc45007f145a,4
fc4a3e5f80d5,2
fc63422eca1c,0
fc6b2aa453eb,1
fc76d65f316a,3
fc7b87a31179,1
fc86da3ecf75,1
fc96b65aa265,3
fc9a57e4f583,2
fcaa54dda5f3,0
fcb2e43ec0fb,3
fcb3ecf7568a,0
fcbe8b4eed91,0
fcccabab2b47,0
fcda620cd4ab,2
fcf51aeb5fab,3
fcfeb11ce6e1,3
fcfef81a42ba,2
fd079976e62b,4
fd0cd3ed85bd,2
fd2947c154c2,0
fd2acdca6a22,4
fd2baad9080b,2
fd2d4f0fedfe,1
fd33d1e13711,3
fd34648eeaca,3
fd62a2e871fb,0
fd657558f339,3
fd712fae87c0,0
fd8c61575a7d,2
fd8f50efba72,4
fd90f27b813a,0
fd92c6f2b2e6,3
fd9bc8ec9c4b,3
fd9c3bbeea06,0
fd9d8a24f167,2
fda0b9b218cc,1
fda24ef37907,1
fda2cd74ad14,3
fda355408eda,3
fdb3f0146f58,1
fdb830b6745f,2
fdbf84b3fd88,1
fdc5e14139d7,0
fdcc6f504d49,1
fde3d0b58a6e,3
fde8d14e4c31,3
fdebd250bb1b,0
fdf9cb6b052d,0
fdfd07901483,2
fe0a3b895abf,1
fe0b9c37645b,1
fe0be2315bf0,3
fe139f2b6429,0
fe1d8ff109c1,4
fe3dec8d0403,0
fe4db0232dad,1
fe50ad40c0d7,2
fe6b58e8499f,2
fe6b9118cf57,2
fe7b14312526,3
fe7e6015560d,1
febe2f7e76a0,4
fecb27d2edca,3
fecddac318f7,2
fee1b3d702a5,0
fefbd0c403c1,4
feffa20fac13,1
ff0879eb20ed,3
ff0bf9cae3b3,2
ff19b8e99b4b,2
ff3bc8d91f5b,2
ff3e6f379834,1
ff3fc3faf1ca,1
ff4c1c2444fa,2
ff4d28f1b11e,2
ff57fee8f557,0
ff5948fb8ea9,1
ff631db5f6d4,1
ff7ffd9c6c80,1
ff8c65c0cb53,2
ff9f78aa56a3,0
ffa332785df4,4
ffc3fa3a1911,3
ffc6679e82d6,4
ffcb4630f46f,4
ffe4d6e8fbb0,0
ffe94fcb14fa,3
ffebf1ef4a9c,1
fff649d65f62,2
